id,source_id,input_image,source_reference_video,reference_video,prompt_file,cat_idx,cat_id,cat_name_zh,motion_idx,motion_id,motion_slug,motion_name_zh,seed,output_name,duration_seconds,reference_duration_seconds,fps,width,height,source_aspect_ratio,aspect_ratio,prompt_version,prompt_status,prompt_sha256,source_reference_sha256
009,9,../../data_h3/cat_ids/00_短毛橘猫鱼骨纹.png,../Ref_curl_up_and_lie_down.mp4,../prepared/Ref_curl_up_and_lie_down.motion.mp4,../prompts/curl_up_and_lie_down.v1.en.txt,00,00-orange-shorthair-mackerel-tabby,短毛橘猫鱼骨纹,11,11-curl-up-and-lie-down,curl_up_and_lie_down,低头向画面左侧蜷卧并闭眼休息,0,009_00-orange-shorthair-mackerel-tabby_11-curl-up-and-lie-down_seed-0,4,4.0,24,480,832,15:26,9:16,curl_up_and_lie_down.v1,pending_model_validation,9217effb2f85c4322c192edb9cc4c687268e1285527679229ed2d92161f10f6b,8414a980252d2baee6444085d2755563b7e0ccb3a138027e7cc6c1233be766eb
021,21,../../data_h3/cat_ids/01_短毛橘猫经典虎斑.png,../Ref_curl_up_and_lie_down.mp4,../prepared/Ref_curl_up_and_lie_down.motion.mp4,../prompts/curl_up_and_lie_down.v1.en.txt,01,01-orange-shorthair-classic-tabby,短毛橘猫经典虎斑,11,11-curl-up-and-lie-down,curl_up_and_lie_down,低头向画面左侧蜷卧并闭眼休息,0,021_01-orange-shorthair-classic-tabby_11-curl-up-and-lie-down_seed-0,4,4.0,24,480,832,15:26,9:16,curl_up_and_lie_down.v1,pending_model_validation,9217effb2f85c4322c192edb9cc4c687268e1285527679229ed2d92161f10f6b,8414a980252d2baee6444085d2755563b7e0ccb3a138027e7cc6c1233be766eb
033,33,../../data_h3/cat_ids/02_长毛橘猫.png,../Ref_curl_up_and_lie_down.mp4,../prepared/Ref_curl_up_and_lie_down.motion.mp4,../prompts/curl_up_and_lie_down.v1.en.txt,02,02-orange-longhair,长毛橘猫,11,11-curl-up-and-lie-down,curl_up_and_lie_down,低头向画面左侧蜷卧并闭眼休息,0,033_02-orange-longhair_11-curl-up-and-lie-down_seed-0,4,4.0,24,480,832,15:26,9:16,curl_up_and_lie_down.v1,pending_model_validation,9217effb2f85c4322c192edb9cc4c687268e1285527679229ed2d92161f10f6b,8414a980252d2baee6444085d2755563b7e0ccb3a138027e7cc6c1233be766eb
045,45,../../data_h3/cat_ids/03_短毛奶油虎斑猫.png,../Ref_curl_up_and_lie_down.mp4,../prepared/Ref_curl_up_and_lie_down.motion.mp4,../prompts/curl_up_and_lie_down.v1.en.txt,03,03-cream-shorthair-tabby,短毛奶油虎斑猫,11,11-curl-up-and-lie-down,curl_up_and_lie_down,低头向画面左侧蜷卧并闭眼休息,0,045_03-cream-shorthair-tabby_11-curl-up-and-lie-down_seed-0,4,4.0,24,480,832,15:26,9:16,curl_up_and_lie_down.v1,pending_model_validation,9217effb2f85c4322c192edb9cc4c687268e1285527679229ed2d92161f10f6b,8414a980252d2baee6444085d2755563b7e0ccb3a138027e7cc6c1233be766eb
057,57,../../data_h3/cat_ids/04_长毛奶油加白猫.png,../Ref_curl_up_and_lie_down.mp4,../prepared/Ref_curl_up_and_lie_down.motion.mp4,../prompts/curl_up_and_lie_down.v1.en.txt,04,04-cream-white-longhair,长毛奶油加白猫,11,11-curl-up-and-lie-down,curl_up_and_lie_down,低头向画面左侧蜷卧并闭眼休息,0,057_04-cream-white-longhair_11-curl-up-and-lie-down_seed-0,4,4.0,24,480,832,15:26,9:16,curl_up_and_lie_down.v1,pending_model_validation,9217effb2f85c4322c192edb9cc4c687268e1285527679229ed2d92161f10f6b,8414a980252d2baee6444085d2755563b7e0ccb3a138027e7cc6c1233be766eb
069,69,../../data_h3/cat_ids/05_短毛橘白梵花猫.png,../Ref_curl_up_and_lie_down.mp4,../prepared/Ref_curl_up_and_lie_down.motion.mp4,../prompts/curl_up_and_lie_down.v1.en.txt,05,05-orange-white-van-shorthair,短毛橘白梵花猫,11,11-curl-up-and-lie-down,curl_up_and_lie_down,低头向画面左侧蜷卧并闭眼休息,0,069_05-orange-white-van-shorthair_11-curl-up-and-lie-down_seed-0,4,4.0,24,480,832,15:26,9:16,curl_up_and_lie_down.v1,pending_model_validation,9217effb2f85c4322c192edb9cc4c687268e1285527679229ed2d92161f10f6b,8414a980252d2baee6444085d2755563b7e0ccb3a138027e7cc6c1233be766eb
081,81,../../data_h3/cat_ids/06_短毛黑猫.png,../Ref_curl_up_and_lie_down.mp4,../prepared/Ref_curl_up_and_lie_down.motion.mp4,../prompts/curl_up_and_lie_down.v1.en.txt,06,06-black-shorthair,短毛黑猫,11,11-curl-up-and-lie-down,curl_up_and_lie_down,低头向画面左侧蜷卧并闭眼休息,0,081_06-black-shorthair_11-curl-up-and-lie-down_seed-0,4,4.0,24,480,832,15:26,9:16,curl_up_and_lie_down.v1,pending_model_validation,9217effb2f85c4322c192edb9cc4c687268e1285527679229ed2d92161f10f6b,8414a980252d2baee6444085d2755563b7e0ccb3a138027e7cc6c1233be766eb
093,93,../../data_h3/cat_ids/07_长毛异瞳白猫.png,../Ref_curl_up_and_lie_down.mp4,../prepared/Ref_curl_up_and_lie_down.motion.mp4,../prompts/curl_up_and_lie_down.v1.en.txt,07,07-odd-eyed-white-longhair,长毛异瞳白猫,11,11-curl-up-and-lie-down,curl_up_and_lie_down,低头向画面左侧蜷卧并闭眼休息,0,093_07-odd-eyed-white-longhair_11-curl-up-and-lie-down_seed-0,4,4.0,24,480,832,15:26,9:16,curl_up_and_lie_down.v1,pending_model_validation,9217effb2f85c4322c192edb9cc4c687268e1285527679229ed2d92161f10f6b,8414a980252d2baee6444085d2755563b7e0ccb3a138027e7cc6c1233be766eb
105,105,../../data_h3/cat_ids/08_短毛棕色鱼骨纹猫.png,../Ref_curl_up_and_lie_down.mp4,../prepared/Ref_curl_up_and_lie_down.motion.mp4,../prompts/curl_up_and_lie_down.v1.en.txt,08,08-brown-shorthair-mackerel-tabby,短毛棕色鱼骨纹猫,11,11-curl-up-and-lie-down,curl_up_and_lie_down,低头向画面左侧蜷卧并闭眼休息,0,105_08-brown-shorthair-mackerel-tabby_11-curl-up-and-lie-down_seed-0,4,4.0,24,480,832,15:26,9:16,curl_up_and_lie_down.v1,pending_model_validation,9217effb2f85c4322c192edb9cc4c687268e1285527679229ed2d92161f10f6b,8414a980252d2baee6444085d2755563b7e0ccb3a138027e7cc6c1233be766eb
117,117,../../data_h3/cat_ids/09_短毛棕色经典虎斑猫.png,../Ref_curl_up_and_lie_down.mp4,../prepared/Ref_curl_up_and_lie_down.motion.mp4,../prompts/curl_up_and_lie_down.v1.en.txt,09,09-brown-shorthair-classic-tabby,短毛棕色经典虎斑猫,11,11-curl-up-and-lie-down,curl_up_and_lie_down,低头向画面左侧蜷卧并闭眼休息,0,117_09-brown-shorthair-classic-tabby_11-curl-up-and-lie-down_seed-0,4,4.0,24,480,832,15:26,9:16,curl_up_and_lie_down.v1,pending_model_validation,9217effb2f85c4322c192edb9cc4c687268e1285527679229ed2d92161f10f6b,8414a980252d2baee6444085d2755563b7e0ccb3a138027e7cc6c1233be766eb
129,129,../../data_h3/cat_ids/10_短毛银色斑点猫.png,../Ref_curl_up_and_lie_down.mp4,../prepared/Ref_curl_up_and_lie_down.motion.mp4,../prompts/curl_up_and_lie_down.v1.en.txt,10,10-silver-spotted-shorthair,短毛银色斑点猫,11,11-curl-up-and-lie-down,curl_up_and_lie_down,低头向画面左侧蜷卧并闭眼休息,0,129_10-silver-spotted-shorthair_11-curl-up-and-lie-down_seed-0,4,4.0,24,480,832,15:26,9:16,curl_up_and_lie_down.v1,pending_model_validation,9217effb2f85c4322c192edb9cc4c687268e1285527679229ed2d92161f10f6b,8414a980252d2baee6444085d2755563b7e0ccb3a138027e7cc6c1233be766eb
141,141,../../data_h3/cat_ids/11_黑白燕尾服猫.png,../Ref_curl_up_and_lie_down.mp4,../prepared/Ref_curl_up_and_lie_down.motion.mp4,../prompts/curl_up_and_lie_down.v1.en.txt,11,11-black-white-tuxedo,黑白燕尾服猫,11,11-curl-up-and-lie-down,curl_up_and_lie_down,低头向画面左侧蜷卧并闭眼休息,0,141_11-black-white-tuxedo_11-curl-up-and-lie-down_seed-0,4,4.0,24,480,832,15:26,9:16,curl_up_and_lie_down.v1,pending_model_validation,9217effb2f85c4322c192edb9cc4c687268e1285527679229ed2d92161f10f6b,8414a980252d2baee6444085d2755563b7e0ccb3a138027e7cc6c1233be766eb
153,153,../../data_h3/cat_ids/12_短毛三花猫.png,../Ref_curl_up_and_lie_down.mp4,../prepared/Ref_curl_up_and_lie_down.motion.mp4,../prompts/curl_up_and_lie_down.v1.en.txt,12,12-calico-shorthair,短毛三花猫,11,11-curl-up-and-lie-down,curl_up_and_lie_down,低头向画面左侧蜷卧并闭眼休息,0,153_12-calico-shorthair_11-curl-up-and-lie-down_seed-0,4,4.0,24,480,832,15:26,9:16,curl_up_and_lie_down.v1,pending_model_validation,9217effb2f85c4322c192edb9cc4c687268e1285527679229ed2d92161f10f6b,8414a980252d2baee6444085d2755563b7e0ccb3a138027e7cc6c1233be766eb
165,165,../../data_h3/cat_ids/13_短毛淡三花猫.png,../Ref_curl_up_and_lie_down.mp4,../prepared/Ref_curl_up_and_lie_down.motion.mp4,../prompts/curl_up_and_lie_down.v1.en.txt,13,13-dilute-calico-shorthair,短毛淡三花猫,11,11-curl-up-and-lie-down,curl_up_and_lie_down,低头向画面左侧蜷卧并闭眼休息,0,165_13-dilute-calico-shorthair_11-curl-up-and-lie-down_seed-0,4,4.0,24,480,832,15:26,9:16,curl_up_and_lie_down.v1,pending_model_validation,9217effb2f85c4322c192edb9cc4c687268e1285527679229ed2d92161f10f6b,8414a980252d2baee6444085d2755563b7e0ccb3a138027e7cc6c1233be766eb
177,177,../../data_h3/cat_ids/14_短毛黑玳瑁猫.png,../Ref_curl_up_and_lie_down.mp4,../prepared/Ref_curl_up_and_lie_down.motion.mp4,../prompts/curl_up_and_lie_down.v1.en.txt,14,14-black-tortoiseshell-shorthair,短毛黑玳瑁猫,11,11-curl-up-and-lie-down,curl_up_and_lie_down,低头向画面左侧蜷卧并闭眼休息,0,177_14-black-tortoiseshell-shorthair_11-curl-up-and-lie-down_seed-0,4,4.0,24,480,832,15:26,9:16,curl_up_and_lie_down.v1,pending_model_validation,9217effb2f85c4322c192edb9cc4c687268e1285527679229ed2d92161f10f6b,8414a980252d2baee6444085d2755563b7e0ccb3a138027e7cc6c1233be766eb
189,189,../../data_h3/cat_ids/15_短毛蓝奶油玳瑁猫.png,../Ref_curl_up_and_lie_down.mp4,../prepared/Ref_curl_up_and_lie_down.motion.mp4,../prompts/curl_up_and_lie_down.v1.en.txt,15,15-blue-cream-tortoiseshell-shorthair,短毛蓝奶油玳瑁猫,11,11-curl-up-and-lie-down,curl_up_and_lie_down,低头向画面左侧蜷卧并闭眼休息,0,189_15-blue-cream-tortoiseshell-shorthair_11-curl-up-and-lie-down_seed-0,4,4.0,24,480,832,15:26,9:16,curl_up_and_lie_down.v1,pending_model_validation,9217effb2f85c4322c192edb9cc4c687268e1285527679229ed2d92161f10f6b,8414a980252d2baee6444085d2755563b7e0ccb3a138027e7cc6c1233be766eb
201,201,../../data_h3/cat_ids/16_阿比西尼亚猫原色.png,../Ref_curl_up_and_lie_down.mp4,../prepared/Ref_curl_up_and_lie_down.motion.mp4,../prompts/curl_up_and_lie_down.v1.en.txt,16,16-abyssinian-ruddy,阿比西尼亚猫原色,11,11-curl-up-and-lie-down,curl_up_and_lie_down,低头向画面左侧蜷卧并闭眼休息,0,201_16-abyssinian-ruddy_11-curl-up-and-lie-down_seed-0,4,4.0,24,480,832,15:26,9:16,curl_up_and_lie_down.v1,pending_model_validation,9217effb2f85c4322c192edb9cc4c687268e1285527679229ed2d92161f10f6b,8414a980252d2baee6444085d2755563b7e0ccb3a138027e7cc6c1233be766eb
213,213,../../data_h3/cat_ids/17_索马里猫索雷尔色.png,../Ref_curl_up_and_lie_down.mp4,../prepared/Ref_curl_up_and_lie_down.motion.mp4,../prompts/curl_up_and_lie_down.v1.en.txt,17,17-somali-sorrel,索马里猫索雷尔色,11,11-curl-up-and-lie-down,curl_up_and_lie_down,低头向画面左侧蜷卧并闭眼休息,0,213_17-somali-sorrel_11-curl-up-and-lie-down_seed-0,4,4.0,24,480,832,15:26,9:16,curl_up_and_lie_down.v1,pending_model_validation,9217effb2f85c4322c192edb9cc4c687268e1285527679229ed2d92161f10f6b,8414a980252d2baee6444085d2755563b7e0ccb3a138027e7cc6c1233be766eb
225,225,../../data_h3/cat_ids/18_孟加拉猫玫瑰斑.png,../Ref_curl_up_and_lie_down.mp4,../prepared/Ref_curl_up_and_lie_down.motion.mp4,../prompts/curl_up_and_lie_down.v1.en.txt,18,18-bengal-rosetted,孟加拉猫玫瑰斑,11,11-curl-up-and-lie-down,curl_up_and_lie_down,低头向画面左侧蜷卧并闭眼休息,0,225_18-bengal-rosetted_11-curl-up-and-lie-down_seed-0,4,4.0,24,480,832,15:26,9:16,curl_up_and_lie_down.v1,pending_model_validation,9217effb2f85c4322c192edb9cc4c687268e1285527679229ed2d92161f10f6b,8414a980252d2baee6444085d2755563b7e0ccb3a138027e7cc6c1233be766eb
237,237,../../data_h3/cat_ids/19_孟加拉猫雪色大理石纹.png,../Ref_curl_up_and_lie_down.mp4,../prepared/Ref_curl_up_and_lie_down.motion.mp4,../prompts/curl_up_and_lie_down.v1.en.txt,19,19-bengal-snow-marbled,孟加拉猫雪色大理石纹,11,11-curl-up-and-lie-down,curl_up_and_lie_down,低头向画面左侧蜷卧并闭眼休息,0,237_19-bengal-snow-marbled_11-curl-up-and-lie-down_seed-0,4,4.0,24,480,832,15:26,9:16,curl_up_and_lie_down.v1,pending_model_validation,9217effb2f85c4322c192edb9cc4c687268e1285527679229ed2d92161f10f6b,8414a980252d2baee6444085d2755563b7e0ccb3a138027e7cc6c1233be766eb
249,249,../../data_h3/cat_ids/20_埃及猫.png,../Ref_curl_up_and_lie_down.mp4,../prepared/Ref_curl_up_and_lie_down.motion.mp4,../prompts/curl_up_and_lie_down.v1.en.txt,20,20-egyptian-mau,埃及猫,11,11-curl-up-and-lie-down,curl_up_and_lie_down,低头向画面左侧蜷卧并闭眼休息,0,249_20-egyptian-mau_11-curl-up-and-lie-down_seed-0,4,4.0,24,480,832,15:26,9:16,curl_up_and_lie_down.v1,pending_model_validation,9217effb2f85c4322c192edb9cc4c687268e1285527679229ed2d92161f10f6b,8414a980252d2baee6444085d2755563b7e0ccb3a138027e7cc6c1233be766eb
261,261,../../data_h3/cat_ids/21_奥西猫黄褐色.png,../Ref_curl_up_and_lie_down.mp4,../prepared/Ref_curl_up_and_lie_down.motion.mp4,../prompts/curl_up_and_lie_down.v1.en.txt,21,21-ocicat-tawny,奥西猫黄褐色,11,11-curl-up-and-lie-down,curl_up_and_lie_down,低头向画面左侧蜷卧并闭眼休息,0,261_21-ocicat-tawny_11-curl-up-and-lie-down_seed-0,4,4.0,24,480,832,15:26,9:16,curl_up_and_lie_down.v1,pending_model_validation,9217effb2f85c4322c192edb9cc4c687268e1285527679229ed2d92161f10f6b,8414a980252d2baee6444085d2755563b7e0ccb3a138027e7cc6c1233be766eb
273,273,../../data_h3/cat_ids/22_萨凡纳猫.png,../Ref_curl_up_and_lie_down.mp4,../prepared/Ref_curl_up_and_lie_down.motion.mp4,../prompts/curl_up_and_lie_down.v1.en.txt,22,22-savannah,萨凡纳猫,11,11-curl-up-and-lie-down,curl_up_and_lie_down,低头向画面左侧蜷卧并闭眼休息,0,273_22-savannah_11-curl-up-and-lie-down_seed-0,4,4.0,24,480,832,15:26,9:16,curl_up_and_lie_down.v1,pending_model_validation,9217effb2f85c4322c192edb9cc4c687268e1285527679229ed2d92161f10f6b,8414a980252d2baee6444085d2755563b7e0ccb3a138027e7cc6c1233be766eb
285,285,../../data_h3/cat_ids/23_缅因猫.png,../Ref_curl_up_and_lie_down.mp4,../prepared/Ref_curl_up_and_lie_down.motion.mp4,../prompts/curl_up_and_lie_down.v1.en.txt,23,23-maine-coon,缅因猫,11,11-curl-up-and-lie-down,curl_up_and_lie_down,低头向画面左侧蜷卧并闭眼休息,0,285_23-maine-coon_11-curl-up-and-lie-down_seed-0,4,4.0,24,480,832,15:26,9:16,curl_up_and_lie_down.v1,pending_model_validation,9217effb2f85c4322c192edb9cc4c687268e1285527679229ed2d92161f10f6b,8414a980252d2baee6444085d2755563b7e0ccb3a138027e7cc6c1233be766eb
297,297,../../data_h3/cat_ids/24_挪威森林猫琥珀色.png,../Ref_curl_up_and_lie_down.mp4,../prepared/Ref_curl_up_and_lie_down.motion.mp4,../prompts/curl_up_and_lie_down.v1.en.txt,24,24-norwegian-forest-amber,挪威森林猫琥珀色,11,11-curl-up-and-lie-down,curl_up_and_lie_down,低头向画面左侧蜷卧并闭眼休息,0,297_24-norwegian-forest-amber_11-curl-up-and-lie-down_seed-0,4,4.0,24,480,832,15:26,9:16,curl_up_and_lie_down.v1,pending_model_validation,9217effb2f85c4322c192edb9cc4c687268e1285527679229ed2d92161f10f6b,8414a980252d2baee6444085d2755563b7e0ccb3a138027e7cc6c1233be766eb
309,309,../../data_h3/cat_ids/25_西伯利亚猫银色.png,../Ref_curl_up_and_lie_down.mp4,../prepared/Ref_curl_up_and_lie_down.motion.mp4,../prompts/curl_up_and_lie_down.v1.en.txt,25,25-siberian-silver,西伯利亚猫银色,11,11-curl-up-and-lie-down,curl_up_and_lie_down,低头向画面左侧蜷卧并闭眼休息,0,309_25-siberian-silver_11-curl-up-and-lie-down_seed-0,4,4.0,24,480,832,15:26,9:16,curl_up_and_lie_down.v1,pending_model_validation,9217effb2f85c4322c192edb9cc4c687268e1285527679229ed2d92161f10f6b,8414a980252d2baee6444085d2755563b7e0ccb3a138027e7cc6c1233be766eb
321,321,../../data_h3/cat_ids/26_涅瓦假面猫海豹山猫纹.png,../Ref_curl_up_and_lie_down.mp4,../prepared/Ref_curl_up_and_lie_down.motion.mp4,../prompts/curl_up_and_lie_down.v1.en.txt,26,26-neva-masquerade-seal-lynx-point,涅瓦假面猫海豹山猫纹,11,11-curl-up-and-lie-down,curl_up_and_lie_down,低头向画面左侧蜷卧并闭眼休息,0,321_26-neva-masquerade-seal-lynx-point_11-curl-up-and-lie-down_seed-0,4,4.0,24,480,832,15:26,9:16,curl_up_and_lie_down.v1,pending_model_validation,9217effb2f85c4322c192edb9cc4c687268e1285527679229ed2d92161f10f6b,8414a980252d2baee6444085d2755563b7e0ccb3a138027e7cc6c1233be766eb
333,333,../../data_h3/cat_ids/27_布偶猫蓝双色.png,../Ref_curl_up_and_lie_down.mp4,../prepared/Ref_curl_up_and_lie_down.motion.mp4,../prompts/curl_up_and_lie_down.v1.en.txt,27,27-ragdoll-blue-bicolor,布偶猫蓝双色,11,11-curl-up-and-lie-down,curl_up_and_lie_down,低头向画面左侧蜷卧并闭眼休息,0,333_27-ragdoll-blue-bicolor_11-curl-up-and-lie-down_seed-0,4,4.0,24,480,832,15:26,9:16,curl_up_and_lie_down.v1,pending_model_validation,9217effb2f85c4322c192edb9cc4c687268e1285527679229ed2d92161f10f6b,8414a980252d2baee6444085d2755563b7e0ccb3a138027e7cc6c1233be766eb
345,345,../../data_h3/cat_ids/28_伯曼猫海豹重点色.png,../Ref_curl_up_and_lie_down.mp4,../prepared/Ref_curl_up_and_lie_down.motion.mp4,../prompts/curl_up_and_lie_down.v1.en.txt,28,28-birman-seal-point,伯曼猫海豹重点色,11,11-curl-up-and-lie-down,curl_up_and_lie_down,低头向画面左侧蜷卧并闭眼休息,0,345_28-birman-seal-point_11-curl-up-and-lie-down_seed-0,4,4.0,24,480,832,15:26,9:16,curl_up_and_lie_down.v1,pending_model_validation,9217effb2f85c4322c192edb9cc4c687268e1285527679229ed2d92161f10f6b,8414a980252d2baee6444085d2755563b7e0ccb3a138027e7cc6c1233be766eb
357,357,../../data_h3/cat_ids/29_波斯猫金吉拉色.png,../Ref_curl_up_and_lie_down.mp4,../prepared/Ref_curl_up_and_lie_down.motion.mp4,../prompts/curl_up_and_lie_down.v1.en.txt,29,29-persian-chinchilla,波斯猫金吉拉色,11,11-curl-up-and-lie-down,curl_up_and_lie_down,低头向画面左侧蜷卧并闭眼休息,0,357_29-persian-chinchilla_11-curl-up-and-lie-down_seed-0,4,4.0,24,480,832,15:26,9:16,curl_up_and_lie_down.v1,pending_model_validation,9217effb2f85c4322c192edb9cc4c687268e1285527679229ed2d92161f10f6b,8414a980252d2baee6444085d2755563b7e0ccb3a138027e7cc6c1233be766eb
369,369,../../data_h3/cat_ids/30_异国短毛猫奶油色.png,../Ref_curl_up_and_lie_down.mp4,../prepared/Ref_curl_up_and_lie_down.motion.mp4,../prompts/curl_up_and_lie_down.v1.en.txt,30,30-exotic-shorthair-cream,异国短毛猫奶油色,11,11-curl-up-and-lie-down,curl_up_and_lie_down,低头向画面左侧蜷卧并闭眼休息,0,369_30-exotic-shorthair-cream_11-curl-up-and-lie-down_seed-0,4,4.0,24,480,832,15:26,9:16,curl_up_and_lie_down.v1,pending_model_validation,9217effb2f85c4322c192edb9cc4c687268e1285527679229ed2d92161f10f6b,8414a980252d2baee6444085d2755563b7e0ccb3a138027e7cc6c1233be766eb
381,381,../../data_h3/cat_ids/31_土耳其安哥拉猫.png,../Ref_curl_up_and_lie_down.mp4,../prepared/Ref_curl_up_and_lie_down.motion.mp4,../prompts/curl_up_and_lie_down.v1.en.txt,31,31-turkish-angora,土耳其安哥拉猫,11,11-curl-up-and-lie-down,curl_up_and_lie_down,低头向画面左侧蜷卧并闭眼休息,0,381_31-turkish-angora_11-curl-up-and-lie-down_seed-0,4,4.0,24,480,832,15:26,9:16,curl_up_and_lie_down.v1,pending_model_validation,9217effb2f85c4322c192edb9cc4c687268e1285527679229ed2d92161f10f6b,8414a980252d2baee6444085d2755563b7e0ccb3a138027e7cc6c1233be766eb
393,393,../../data_h3/cat_ids/32_土耳其梵猫.png,../Ref_curl_up_and_lie_down.mp4,../prepared/Ref_curl_up_and_lie_down.motion.mp4,../prompts/curl_up_and_lie_down.v1.en.txt,32,32-turkish-van,土耳其梵猫,11,11-curl-up-and-lie-down,curl_up_and_lie_down,低头向画面左侧蜷卧并闭眼休息,0,393_32-turkish-van_11-curl-up-and-lie-down_seed-0,4,4.0,24,480,832,15:26,9:16,curl_up_and_lie_down.v1,pending_model_validation,9217effb2f85c4322c192edb9cc4c687268e1285527679229ed2d92161f10f6b,8414a980252d2baee6444085d2755563b7e0ccb3a138027e7cc6c1233be766eb
405,405,../../data_h3/cat_ids/33_喜马拉雅猫火焰重点色.png,../Ref_curl_up_and_lie_down.mp4,../prepared/Ref_curl_up_and_lie_down.motion.mp4,../prompts/curl_up_and_lie_down.v1.en.txt,33,33-himalayan-flame-point,喜马拉雅猫火焰重点色,11,11-curl-up-and-lie-down,curl_up_and_lie_down,低头向画面左侧蜷卧并闭眼休息,0,405_33-himalayan-flame-point_11-curl-up-and-lie-down_seed-0,4,4.0,24,480,832,15:26,9:16,curl_up_and_lie_down.v1,pending_model_validation,9217effb2f85c4322c192edb9cc4c687268e1285527679229ed2d92161f10f6b,8414a980252d2baee6444085d2755563b7e0ccb3a138027e7cc6c1233be766eb
417,417,../../data_h3/cat_ids/34_暹罗猫海豹重点色.png,../Ref_curl_up_and_lie_down.mp4,../prepared/Ref_curl_up_and_lie_down.motion.mp4,../prompts/curl_up_and_lie_down.v1.en.txt,34,34-siamese-seal-point,暹罗猫海豹重点色,11,11-curl-up-and-lie-down,curl_up_and_lie_down,低头向画面左侧蜷卧并闭眼休息,0,417_34-siamese-seal-point_11-curl-up-and-lie-down_seed-0,4,4.0,24,480,832,15:26,9:16,curl_up_and_lie_down.v1,pending_model_validation,9217effb2f85c4322c192edb9cc4c687268e1285527679229ed2d92161f10f6b,8414a980252d2baee6444085d2755563b7e0ccb3a138027e7cc6c1233be766eb
429,429,../../data_h3/cat_ids/35_巴厘猫海豹重点色.png,../Ref_curl_up_and_lie_down.mp4,../prepared/Ref_curl_up_and_lie_down.motion.mp4,../prompts/curl_up_and_lie_down.v1.en.txt,35,35-balinese-seal-point,巴厘猫海豹重点色,11,11-curl-up-and-lie-down,curl_up_and_lie_down,低头向画面左侧蜷卧并闭眼休息,0,429_35-balinese-seal-point_11-curl-up-and-lie-down_seed-0,4,4.0,24,480,832,15:26,9:16,curl_up_and_lie_down.v1,pending_model_validation,9217effb2f85c4322c192edb9cc4c687268e1285527679229ed2d92161f10f6b,8414a980252d2baee6444085d2755563b7e0ccb3a138027e7cc6c1233be766eb
441,441,../../data_h3/cat_ids/36_缅甸猫深褐色.png,../Ref_curl_up_and_lie_down.mp4,../prepared/Ref_curl_up_and_lie_down.motion.mp4,../prompts/curl_up_and_lie_down.v1.en.txt,36,36-burmese-sable,缅甸猫深褐色,11,11-curl-up-and-lie-down,curl_up_and_lie_down,低头向画面左侧蜷卧并闭眼休息,0,441_36-burmese-sable_11-curl-up-and-lie-down_seed-0,4,4.0,24,480,832,15:26,9:16,curl_up_and_lie_down.v1,pending_model_validation,9217effb2f85c4322c192edb9cc4c687268e1285527679229ed2d92161f10f6b,8414a980252d2baee6444085d2755563b7e0ccb3a138027e7cc6c1233be766eb
453,453,../../data_h3/cat_ids/37_东奇尼猫貂色.png,../Ref_curl_up_and_lie_down.mp4,../prepared/Ref_curl_up_and_lie_down.motion.mp4,../prompts/curl_up_and_lie_down.v1.en.txt,37,37-tonkinese-mink,东奇尼猫貂色,11,11-curl-up-and-lie-down,curl_up_and_lie_down,低头向画面左侧蜷卧并闭眼休息,0,453_37-tonkinese-mink_11-curl-up-and-lie-down_seed-0,4,4.0,24,480,832,15:26,9:16,curl_up_and_lie_down.v1,pending_model_validation,9217effb2f85c4322c192edb9cc4c687268e1285527679229ed2d92161f10f6b,8414a980252d2baee6444085d2755563b7e0ccb3a138027e7cc6c1233be766eb
465,465,../../data_h3/cat_ids/38_彼得秃猫.png,../Ref_curl_up_and_lie_down.mp4,../prepared/Ref_curl_up_and_lie_down.motion.mp4,../prompts/curl_up_and_lie_down.v1.en.txt,38,38-peterbald,彼得秃猫,11,11-curl-up-and-lie-down,curl_up_and_lie_down,低头向画面左侧蜷卧并闭眼休息,0,465_38-peterbald_11-curl-up-and-lie-down_seed-0,4,4.0,24,480,832,15:26,9:16,curl_up_and_lie_down.v1,pending_model_validation,9217effb2f85c4322c192edb9cc4c687268e1285527679229ed2d92161f10f6b,8414a980252d2baee6444085d2755563b7e0ccb3a138027e7cc6c1233be766eb
477,477,../../data_h3/cat_ids/39_雪鞋猫.png,../Ref_curl_up_and_lie_down.mp4,../prepared/Ref_curl_up_and_lie_down.motion.mp4,../prompts/curl_up_and_lie_down.v1.en.txt,39,39-snowshoe,雪鞋猫,11,11-curl-up-and-lie-down,curl_up_and_lie_down,低头向画面左侧蜷卧并闭眼休息,0,477_39-snowshoe_11-curl-up-and-lie-down_seed-0,4,4.0,24,480,832,15:26,9:16,curl_up_and_lie_down.v1,pending_model_validation,9217effb2f85c4322c192edb9cc4c687268e1285527679229ed2d92161f10f6b,8414a980252d2baee6444085d2755563b7e0ccb3a138027e7cc6c1233be766eb
489,489,../../data_h3/cat_ids/40_孟买猫.png,../Ref_curl_up_and_lie_down.mp4,../prepared/Ref_curl_up_and_lie_down.motion.mp4,../prompts/curl_up_and_lie_down.v1.en.txt,40,40-bombay,孟买猫,11,11-curl-up-and-lie-down,curl_up_and_lie_down,低头向画面左侧蜷卧并闭眼休息,0,489_40-bombay_11-curl-up-and-lie-down_seed-0,4,4.0,24,480,832,15:26,9:16,curl_up_and_lie_down.v1,pending_model_validation,9217effb2f85c4322c192edb9cc4c687268e1285527679229ed2d92161f10f6b,8414a980252d2baee6444085d2755563b7e0ccb3a138027e7cc6c1233be766eb
501,501,../../data_h3/cat_ids/41_英国短毛猫蓝色.png,../Ref_curl_up_and_lie_down.mp4,../prepared/Ref_curl_up_and_lie_down.motion.mp4,../prompts/curl_up_and_lie_down.v1.en.txt,41,41-british-shorthair-blue,英国短毛猫蓝色,11,11-curl-up-and-lie-down,curl_up_and_lie_down,低头向画面左侧蜷卧并闭眼休息,0,501_41-british-shorthair-blue_11-curl-up-and-lie-down_seed-0,4,4.0,24,480,832,15:26,9:16,curl_up_and_lie_down.v1,pending_model_validation,9217effb2f85c4322c192edb9cc4c687268e1285527679229ed2d92161f10f6b,8414a980252d2baee6444085d2755563b7e0ccb3a138027e7cc6c1233be766eb
513,513,../../data_h3/cat_ids/42_英国短毛猫金色.png,../Ref_curl_up_and_lie_down.mp4,../prepared/Ref_curl_up_and_lie_down.motion.mp4,../prompts/curl_up_and_lie_down.v1.en.txt,42,42-british-shorthair-golden,英国短毛猫金色,11,11-curl-up-and-lie-down,curl_up_and_lie_down,低头向画面左侧蜷卧并闭眼休息,0,513_42-british-shorthair-golden_11-curl-up-and-lie-down_seed-0,4,4.0,24,480,832,15:26,9:16,curl_up_and_lie_down.v1,pending_model_validation,9217effb2f85c4322c192edb9cc4c687268e1285527679229ed2d92161f10f6b,8414a980252d2baee6444085d2755563b7e0ccb3a138027e7cc6c1233be766eb
525,525,../../data_h3/cat_ids/43_英国长毛猫丁香色.png,../Ref_curl_up_and_lie_down.mp4,../prepared/Ref_curl_up_and_lie_down.motion.mp4,../prompts/curl_up_and_lie_down.v1.en.txt,43,43-british-longhair-lilac,英国长毛猫丁香色,11,11-curl-up-and-lie-down,curl_up_and_lie_down,低头向画面左侧蜷卧并闭眼休息,0,525_43-british-longhair-lilac_11-curl-up-and-lie-down_seed-0,4,4.0,24,480,832,15:26,9:16,curl_up_and_lie_down.v1,pending_model_validation,9217effb2f85c4322c192edb9cc4c687268e1285527679229ed2d92161f10f6b,8414a980252d2baee6444085d2755563b7e0ccb3a138027e7cc6c1233be766eb
537,537,../../data_h3/cat_ids/44_沙特尔猫.png,../Ref_curl_up_and_lie_down.mp4,../prepared/Ref_curl_up_and_lie_down.motion.mp4,../prompts/curl_up_and_lie_down.v1.en.txt,44,44-chartreux,沙特尔猫,11,11-curl-up-and-lie-down,curl_up_and_lie_down,低头向画面左侧蜷卧并闭眼休息,0,537_44-chartreux_11-curl-up-and-lie-down_seed-0,4,4.0,24,480,832,15:26,9:16,curl_up_and_lie_down.v1,pending_model_validation,9217effb2f85c4322c192edb9cc4c687268e1285527679229ed2d92161f10f6b,8414a980252d2baee6444085d2755563b7e0ccb3a138027e7cc6c1233be766eb
549,549,../../data_h3/cat_ids/45_俄罗斯蓝猫.png,../Ref_curl_up_and_lie_down.mp4,../prepared/Ref_curl_up_and_lie_down.motion.mp4,../prompts/curl_up_and_lie_down.v1.en.txt,45,45-russian-blue,俄罗斯蓝猫,11,11-curl-up-and-lie-down,curl_up_and_lie_down,低头向画面左侧蜷卧并闭眼休息,0,549_45-russian-blue_11-curl-up-and-lie-down_seed-0,4,4.0,24,480,832,15:26,9:16,curl_up_and_lie_down.v1,pending_model_validation,9217effb2f85c4322c192edb9cc4c687268e1285527679229ed2d92161f10f6b,8414a980252d2baee6444085d2755563b7e0ccb3a138027e7cc6c1233be766eb
561,561,../../data_h3/cat_ids/46_美国短毛猫银虎斑.png,../Ref_curl_up_and_lie_down.mp4,../prepared/Ref_curl_up_and_lie_down.motion.mp4,../prompts/curl_up_and_lie_down.v1.en.txt,46,46-american-shorthair-silver-tabby,美国短毛猫银虎斑,11,11-curl-up-and-lie-down,curl_up_and_lie_down,低头向画面左侧蜷卧并闭眼休息,0,561_46-american-shorthair-silver-tabby_11-curl-up-and-lie-down_seed-0,4,4.0,24,480,832,15:26,9:16,curl_up_and_lie_down.v1,pending_model_validation,9217effb2f85c4322c192edb9cc4c687268e1285527679229ed2d92161f10f6b,8414a980252d2baee6444085d2755563b7e0ccb3a138027e7cc6c1233be766eb
573,573,../../data_h3/cat_ids/47_美国硬毛猫.png,../Ref_curl_up_and_lie_down.mp4,../prepared/Ref_curl_up_and_lie_down.motion.mp4,../prompts/curl_up_and_lie_down.v1.en.txt,47,47-american-wirehair,美国硬毛猫,11,11-curl-up-and-lie-down,curl_up_and_lie_down,低头向画面左侧蜷卧并闭眼休息,0,573_47-american-wirehair_11-curl-up-and-lie-down_seed-0,4,4.0,24,480,832,15:26,9:16,curl_up_and_lie_down.v1,pending_model_validation,9217effb2f85c4322c192edb9cc4c687268e1285527679229ed2d92161f10f6b,8414a980252d2baee6444085d2755563b7e0ccb3a138027e7cc6c1233be766eb
585,585,../../data_h3/cat_ids/48_美国卷耳猫长毛.png,../Ref_curl_up_and_lie_down.mp4,../prepared/Ref_curl_up_and_lie_down.motion.mp4,../prompts/curl_up_and_lie_down.v1.en.txt,48,48-american-curl-longhair,美国卷耳猫长毛,11,11-curl-up-and-lie-down,curl_up_and_lie_down,低头向画面左侧蜷卧并闭眼休息,0,585_48-american-curl-longhair_11-curl-up-and-lie-down_seed-0,4,4.0,24,480,832,15:26,9:16,curl_up_and_lie_down.v1,pending_model_validation,9217effb2f85c4322c192edb9cc4c687268e1285527679229ed2d92161f10f6b,8414a980252d2baee6444085d2755563b7e0ccb3a138027e7cc6c1233be766eb
597,597,../../data_h3/cat_ids/49_苏格兰折耳猫.png,../Ref_curl_up_and_lie_down.mp4,../prepared/Ref_curl_up_and_lie_down.motion.mp4,../prompts/curl_up_and_lie_down.v1.en.txt,49,49-scottish-fold,苏格兰折耳猫,11,11-curl-up-and-lie-down,curl_up_and_lie_down,低头向画面左侧蜷卧并闭眼休息,0,597_49-scottish-fold_11-curl-up-and-lie-down_seed-0,4,4.0,24,480,832,15:26,9:16,curl_up_and_lie_down.v1,pending_model_validation,9217effb2f85c4322c192edb9cc4c687268e1285527679229ed2d92161f10f6b,8414a980252d2baee6444085d2755563b7e0ccb3a138027e7cc6c1233be766eb
609,609,../../data_h3/cat_ids/50_日本短尾猫.png,../Ref_curl_up_and_lie_down.mp4,../prepared/Ref_curl_up_and_lie_down.motion.mp4,../prompts/curl_up_and_lie_down.v1.en.txt,50,50-japanese-bobtail,日本短尾猫,11,11-curl-up-and-lie-down,curl_up_and_lie_down,低头向画面左侧蜷卧并闭眼休息,0,609_50-japanese-bobtail_11-curl-up-and-lie-down_seed-0,4,4.0,24,480,832,15:26,9:16,curl_up_and_lie_down.v1,pending_model_validation,9217effb2f85c4322c192edb9cc4c687268e1285527679229ed2d92161f10f6b,8414a980252d2baee6444085d2755563b7e0ccb3a138027e7cc6c1233be766eb
621,621,../../data_h3/cat_ids/51_库里尔短尾猫.png,../Ref_curl_up_and_lie_down.mp4,../prepared/Ref_curl_up_and_lie_down.motion.mp4,../prompts/curl_up_and_lie_down.v1.en.txt,51,51-kurilian-bobtail,库里尔短尾猫,11,11-curl-up-and-lie-down,curl_up_and_lie_down,低头向画面左侧蜷卧并闭眼休息,0,621_51-kurilian-bobtail_11-curl-up-and-lie-down_seed-0,4,4.0,24,480,832,15:26,9:16,curl_up_and_lie_down.v1,pending_model_validation,9217effb2f85c4322c192edb9cc4c687268e1285527679229ed2d92161f10f6b,8414a980252d2baee6444085d2755563b7e0ccb3a138027e7cc6c1233be766eb
633,633,../../data_h3/cat_ids/52_马恩岛猫短尾.png,../Ref_curl_up_and_lie_down.mp4,../prepared/Ref_curl_up_and_lie_down.motion.mp4,../prompts/curl_up_and_lie_down.v1.en.txt,52,52-manx-short-tail,马恩岛猫短尾,11,11-curl-up-and-lie-down,curl_up_and_lie_down,低头向画面左侧蜷卧并闭眼休息,0,633_52-manx-short-tail_11-curl-up-and-lie-down_seed-0,4,4.0,24,480,832,15:26,9:16,curl_up_and_lie_down.v1,pending_model_validation,9217effb2f85c4322c192edb9cc4c687268e1285527679229ed2d92161f10f6b,8414a980252d2baee6444085d2755563b7e0ccb3a138027e7cc6c1233be766eb
645,645,../../data_h3/cat_ids/53_德文卷毛猫.png,../Ref_curl_up_and_lie_down.mp4,../prepared/Ref_curl_up_and_lie_down.motion.mp4,../prompts/curl_up_and_lie_down.v1.en.txt,53,53-devon-rex,德文卷毛猫,11,11-curl-up-and-lie-down,curl_up_and_lie_down,低头向画面左侧蜷卧并闭眼休息,0,645_53-devon-rex_11-curl-up-and-lie-down_seed-0,4,4.0,24,480,832,15:26,9:16,curl_up_and_lie_down.v1,pending_model_validation,9217effb2f85c4322c192edb9cc4c687268e1285527679229ed2d92161f10f6b,8414a980252d2baee6444085d2755563b7e0ccb3a138027e7cc6c1233be766eb
657,657,../../data_h3/cat_ids/54_塞尔凯克卷毛猫长毛.png,../Ref_curl_up_and_lie_down.mp4,../prepared/Ref_curl_up_and_lie_down.motion.mp4,../prompts/curl_up_and_lie_down.v1.en.txt,54,54-selkirk-rex-longhair,塞尔凯克卷毛猫长毛,11,11-curl-up-and-lie-down,curl_up_and_lie_down,低头向画面左侧蜷卧并闭眼休息,0,657_54-selkirk-rex-longhair_11-curl-up-and-lie-down_seed-0,4,4.0,24,480,832,15:26,9:16,curl_up_and_lie_down.v1,pending_model_validation,9217effb2f85c4322c192edb9cc4c687268e1285527679229ed2d92161f10f6b,8414a980252d2baee6444085d2755563b7e0ccb3a138027e7cc6c1233be766eb
669,669,../../data_h3/cat_ids/55_拉邦卷毛猫长毛.png,../Ref_curl_up_and_lie_down.mp4,../prepared/Ref_curl_up_and_lie_down.motion.mp4,../prompts/curl_up_and_lie_down.v1.en.txt,55,55-laperm-longhair,拉邦卷毛猫长毛,11,11-curl-up-and-lie-down,curl_up_and_lie_down,低头向画面左侧蜷卧并闭眼休息,0,669_55-laperm-longhair_11-curl-up-and-lie-down_seed-0,4,4.0,24,480,832,15:26,9:16,curl_up_and_lie_down.v1,pending_model_validation,9217effb2f85c4322c192edb9cc4c687268e1285527679229ed2d92161f10f6b,8414a980252d2baee6444085d2755563b7e0ccb3a138027e7cc6c1233be766eb
681,681,../../data_h3/cat_ids/56_中华田园猫深棕狸花.png,../Ref_curl_up_and_lie_down.mp4,../prepared/Ref_curl_up_and_lie_down.motion.mp4,../prompts/curl_up_and_lie_down.v1.en.txt,56,56-chinese-domestic-dark-brown-tabby,中华田园猫深棕狸花,11,11-curl-up-and-lie-down,curl_up_and_lie_down,低头向画面左侧蜷卧并闭眼休息,0,681_56-chinese-domestic-dark-brown-tabby_11-curl-up-and-lie-down_seed-0,4,4.0,24,480,832,15:26,9:16,curl_up_and_lie_down.v1,pending_model_validation,9217effb2f85c4322c192edb9cc4c687268e1285527679229ed2d92161f10f6b,8414a980252d2baee6444085d2755563b7e0ccb3a138027e7cc6c1233be766eb
693,693,../../data_h3/cat_ids/57_中华田园猫金棕狸花.png,../Ref_curl_up_and_lie_down.mp4,../prepared/Ref_curl_up_and_lie_down.motion.mp4,../prompts/curl_up_and_lie_down.v1.en.txt,57,57-chinese-domestic-golden-brown-tabby,中华田园猫金棕狸花,11,11-curl-up-and-lie-down,curl_up_and_lie_down,低头向画面左侧蜷卧并闭眼休息,0,693_57-chinese-domestic-golden-brown-tabby_11-curl-up-and-lie-down_seed-0,4,4.0,24,480,832,15:26,9:16,curl_up_and_lie_down.v1,pending_model_validation,9217effb2f85c4322c192edb9cc4c687268e1285527679229ed2d92161f10f6b,8414a980252d2baee6444085d2755563b7e0ccb3a138027e7cc6c1233be766eb
705,705,../../data_h3/cat_ids/58_中华田园猫狸白.png,../Ref_curl_up_and_lie_down.mp4,../prepared/Ref_curl_up_and_lie_down.motion.mp4,../prompts/curl_up_and_lie_down.v1.en.txt,58,58-chinese-domestic-tabby-white,中华田园猫狸白,11,11-curl-up-and-lie-down,curl_up_and_lie_down,低头向画面左侧蜷卧并闭眼休息,0,705_58-chinese-domestic-tabby-white_11-curl-up-and-lie-down_seed-0,4,4.0,24,480,832,15:26,9:16,curl_up_and_lie_down.v1,pending_model_validation,9217effb2f85c4322c192edb9cc4c687268e1285527679229ed2d92161f10f6b,8414a980252d2baee6444085d2755563b7e0ccb3a138027e7cc6c1233be766eb
717,717,../../data_h3/cat_ids/59_中华田园猫高白奶牛.png,../Ref_curl_up_and_lie_down.mp4,../prepared/Ref_curl_up_and_lie_down.motion.mp4,../prompts/curl_up_and_lie_down.v1.en.txt,59,59-chinese-domestic-high-white-black,中华田园猫高白奶牛,11,11-curl-up-and-lie-down,curl_up_and_lie_down,低头向画面左侧蜷卧并闭眼休息,0,717_59-chinese-domestic-high-white-black_11-curl-up-and-lie-down_seed-0,4,4.0,24,480,832,15:26,9:16,curl_up_and_lie_down.v1,pending_model_validation,9217effb2f85c4322c192edb9cc4c687268e1285527679229ed2d92161f10f6b,8414a980252d2baee6444085d2755563b7e0ccb3a138027e7cc6c1233be766eb
729,729,../../data_h3/cat_ids/60_中华田园猫均衡奶牛.png,../Ref_curl_up_and_lie_down.mp4,../prepared/Ref_curl_up_and_lie_down.motion.mp4,../prompts/curl_up_and_lie_down.v1.en.txt,60,60-chinese-domestic-balanced-black-white,中华田园猫均衡奶牛,11,11-curl-up-and-lie-down,curl_up_and_lie_down,低头向画面左侧蜷卧并闭眼休息,0,729_60-chinese-domestic-balanced-black-white_11-curl-up-and-lie-down_seed-0,4,4.0,24,480,832,15:26,9:16,curl_up_and_lie_down.v1,pending_model_validation,9217effb2f85c4322c192edb9cc4c687268e1285527679229ed2d92161f10f6b,8414a980252d2baee6444085d2755563b7e0ccb3a138027e7cc6c1233be766eb
741,741,../../data_h3/cat_ids/61_中华田园猫八字胡奶牛.png,../Ref_curl_up_and_lie_down.mp4,../prepared/Ref_curl_up_and_lie_down.motion.mp4,../prompts/curl_up_and_lie_down.v1.en.txt,61,61-chinese-domestic-moustache-black-white,中华田园猫八字胡奶牛,11,11-curl-up-and-lie-down,curl_up_and_lie_down,低头向画面左侧蜷卧并闭眼休息,0,741_61-chinese-domestic-moustache-black-white_11-curl-up-and-lie-down_seed-0,4,4.0,24,480,832,15:26,9:16,curl_up_and_lie_down.v1,pending_model_validation,9217effb2f85c4322c192edb9cc4c687268e1285527679229ed2d92161f10f6b,8414a980252d2baee6444085d2755563b7e0ccb3a138027e7cc6c1233be766eb
753,753,../../data_h3/cat_ids/62_中华田园猫高白三花.png,../Ref_curl_up_and_lie_down.mp4,../prepared/Ref_curl_up_and_lie_down.motion.mp4,../prompts/curl_up_and_lie_down.v1.en.txt,62,62-chinese-domestic-high-white-calico,中华田园猫高白三花,11,11-curl-up-and-lie-down,curl_up_and_lie_down,低头向画面左侧蜷卧并闭眼休息,0,753_62-chinese-domestic-high-white-calico_11-curl-up-and-lie-down_seed-0,4,4.0,24,480,832,15:26,9:16,curl_up_and_lie_down.v1,pending_model_validation,9217effb2f85c4322c192edb9cc4c687268e1285527679229ed2d92161f10f6b,8414a980252d2baee6444085d2755563b7e0ccb3a138027e7cc6c1233be766eb
765,765,../../data_h3/cat_ids/63_中华田园猫均衡三花.png,../Ref_curl_up_and_lie_down.mp4,../prepared/Ref_curl_up_and_lie_down.motion.mp4,../prompts/curl_up_and_lie_down.v1.en.txt,63,63-chinese-domestic-balanced-calico,中华田园猫均衡三花,11,11-curl-up-and-lie-down,curl_up_and_lie_down,低头向画面左侧蜷卧并闭眼休息,0,765_63-chinese-domestic-balanced-calico_11-curl-up-and-lie-down_seed-0,4,4.0,24,480,832,15:26,9:16,curl_up_and_lie_down.v1,pending_model_validation,9217effb2f85c4322c192edb9cc4c687268e1285527679229ed2d92161f10f6b,8414a980252d2baee6444085d2755563b7e0ccb3a138027e7cc6c1233be766eb
777,777,../../data_h3/cat_ids/64_中华田园猫低白三花.png,../Ref_curl_up_and_lie_down.mp4,../prepared/Ref_curl_up_and_lie_down.motion.mp4,../prompts/curl_up_and_lie_down.v1.en.txt,64,64-chinese-domestic-low-white-calico,中华田园猫低白三花,11,11-curl-up-and-lie-down,curl_up_and_lie_down,低头向画面左侧蜷卧并闭眼休息,0,777_64-chinese-domestic-low-white-calico_11-curl-up-and-lie-down_seed-0,4,4.0,24,480,832,15:26,9:16,curl_up_and_lie_down.v1,pending_model_validation,9217effb2f85c4322c192edb9cc4c687268e1285527679229ed2d92161f10f6b,8414a980252d2baee6444085d2755563b7e0ccb3a138027e7cc6c1233be766eb
789,789,../../data_h3/cat_ids/65_暹罗猫蓝重点色.png,../Ref_curl_up_and_lie_down.mp4,../prepared/Ref_curl_up_and_lie_down.motion.mp4,../prompts/curl_up_and_lie_down.v1.en.txt,65,65-siamese-blue-point,暹罗猫蓝重点色,11,11-curl-up-and-lie-down,curl_up_and_lie_down,低头向画面左侧蜷卧并闭眼休息,0,789_65-siamese-blue-point_11-curl-up-and-lie-down_seed-0,4,4.0,24,480,832,15:26,9:16,curl_up_and_lie_down.v1,pending_model_validation,9217effb2f85c4322c192edb9cc4c687268e1285527679229ed2d92161f10f6b,8414a980252d2baee6444085d2755563b7e0ccb3a138027e7cc6c1233be766eb
801,801,../../data_h3/cat_ids/66_暹罗猫巧克力重点色.png,../Ref_curl_up_and_lie_down.mp4,../prepared/Ref_curl_up_and_lie_down.motion.mp4,../prompts/curl_up_and_lie_down.v1.en.txt,66,66-siamese-chocolate-point,暹罗猫巧克力重点色,11,11-curl-up-and-lie-down,curl_up_and_lie_down,低头向画面左侧蜷卧并闭眼休息,0,801_66-siamese-chocolate-point_11-curl-up-and-lie-down_seed-0,4,4.0,24,480,832,15:26,9:16,curl_up_and_lie_down.v1,pending_model_validation,9217effb2f85c4322c192edb9cc4c687268e1285527679229ed2d92161f10f6b,8414a980252d2baee6444085d2755563b7e0ccb3a138027e7cc6c1233be766eb
813,813,../../data_h3/cat_ids/67_阿比西尼亚猫索雷尔色.png,../Ref_curl_up_and_lie_down.mp4,../prepared/Ref_curl_up_and_lie_down.motion.mp4,../prompts/curl_up_and_lie_down.v1.en.txt,67,67-abyssinian-sorrel,阿比西尼亚猫索雷尔色,11,11-curl-up-and-lie-down,curl_up_and_lie_down,低头向画面左侧蜷卧并闭眼休息,0,813_67-abyssinian-sorrel_11-curl-up-and-lie-down_seed-0,4,4.0,24,480,832,15:26,9:16,curl_up_and_lie_down.v1,pending_model_validation,9217effb2f85c4322c192edb9cc4c687268e1285527679229ed2d92161f10f6b,8414a980252d2baee6444085d2755563b7e0ccb3a138027e7cc6c1233be766eb
825,825,../../data_h3/cat_ids/68_俄罗斯蓝猫.png,../Ref_curl_up_and_lie_down.mp4,../prepared/Ref_curl_up_and_lie_down.motion.mp4,../prompts/curl_up_and_lie_down.v1.en.txt,68,68-russian-blue,俄罗斯蓝猫,11,11-curl-up-and-lie-down,curl_up_and_lie_down,低头向画面左侧蜷卧并闭眼休息,0,825_68-russian-blue_11-curl-up-and-lie-down_seed-0,4,4.0,24,480,832,15:26,9:16,curl_up_and_lie_down.v1,pending_model_validation,9217effb2f85c4322c192edb9cc4c687268e1285527679229ed2d92161f10f6b,8414a980252d2baee6444085d2755563b7e0ccb3a138027e7cc6c1233be766eb
837,837,../../data_h3/cat_ids/69_英国短毛猫深蓝色.png,../Ref_curl_up_and_lie_down.mp4,../prepared/Ref_curl_up_and_lie_down.motion.mp4,../prompts/curl_up_and_lie_down.v1.en.txt,69,69-british-shorthair-deep-blue,英国短毛猫深蓝色,11,11-curl-up-and-lie-down,curl_up_and_lie_down,低头向画面左侧蜷卧并闭眼休息,0,837_69-british-shorthair-deep-blue_11-curl-up-and-lie-down_seed-0,4,4.0,24,480,832,15:26,9:16,curl_up_and_lie_down.v1,pending_model_validation,9217effb2f85c4322c192edb9cc4c687268e1285527679229ed2d92161f10f6b,8414a980252d2baee6444085d2755563b7e0ccb3a138027e7cc6c1233be766eb
849,849,../../data_h3/cat_ids/70_短毛蓝眼白猫.png,../Ref_curl_up_and_lie_down.mp4,../prepared/Ref_curl_up_and_lie_down.motion.mp4,../prompts/curl_up_and_lie_down.v1.en.txt,70,70-blue-eyed-white-shorthair,短毛蓝眼白猫,11,11-curl-up-and-lie-down,curl_up_and_lie_down,低头向画面左侧蜷卧并闭眼休息,0,849_70-blue-eyed-white-shorthair_11-curl-up-and-lie-down_seed-0,4,4.0,24,480,832,15:26,9:16,curl_up_and_lie_down.v1,pending_model_validation,9217effb2f85c4322c192edb9cc4c687268e1285527679229ed2d92161f10f6b,8414a980252d2baee6444085d2755563b7e0ccb3a138027e7cc6c1233be766eb
861,861,../../data_h3/cat_ids/71_短毛琥珀眼白猫.png,../Ref_curl_up_and_lie_down.mp4,../prepared/Ref_curl_up_and_lie_down.motion.mp4,../prompts/curl_up_and_lie_down.v1.en.txt,71,71-amber-eyed-white-shorthair,短毛琥珀眼白猫,11,11-curl-up-and-lie-down,curl_up_and_lie_down,低头向画面左侧蜷卧并闭眼休息,0,861_71-amber-eyed-white-shorthair_11-curl-up-and-lie-down_seed-0,4,4.0,24,480,832,15:26,9:16,curl_up_and_lie_down.v1,pending_model_validation,9217effb2f85c4322c192edb9cc4c687268e1285527679229ed2d92161f10f6b,8414a980252d2baee6444085d2755563b7e0ccb3a138027e7cc6c1233be766eb
873,873,../../data_h3/cat_ids/72_短毛分脸玳瑁猫.png,../Ref_curl_up_and_lie_down.mp4,../prepared/Ref_curl_up_and_lie_down.motion.mp4,../prompts/curl_up_and_lie_down.v1.en.txt,72,72-split-face-tortoiseshell-shorthair,短毛分脸玳瑁猫,11,11-curl-up-and-lie-down,curl_up_and_lie_down,低头向画面左侧蜷卧并闭眼休息,0,873_72-split-face-tortoiseshell-shorthair_11-curl-up-and-lie-down_seed-0,4,4.0,24,480,832,15:26,9:16,curl_up_and_lie_down.v1,pending_model_validation,9217effb2f85c4322c192edb9cc4c687268e1285527679229ed2d92161f10f6b,8414a980252d2baee6444085d2755563b7e0ccb3a138027e7cc6c1233be766eb
885,885,../../data_h3/cat_ids/73_美国短毛猫银虎斑加白.png,../Ref_curl_up_and_lie_down.mp4,../prepared/Ref_curl_up_and_lie_down.motion.mp4,../prompts/curl_up_and_lie_down.v1.en.txt,73,73-american-shorthair-silver-tabby-white,美国短毛猫银虎斑加白,11,11-curl-up-and-lie-down,curl_up_and_lie_down,低头向画面左侧蜷卧并闭眼休息,0,885_73-american-shorthair-silver-tabby-white_11-curl-up-and-lie-down_seed-0,4,4.0,24,480,832,15:26,9:16,curl_up_and_lie_down.v1,pending_model_validation,9217effb2f85c4322c192edb9cc4c687268e1285527679229ed2d92161f10f6b,8414a980252d2baee6444085d2755563b7e0ccb3a138027e7cc6c1233be766eb
897,897,../../data_h3/cat_ids/74_美国短毛猫棕经典虎斑.png,../Ref_curl_up_and_lie_down.mp4,../prepared/Ref_curl_up_and_lie_down.motion.mp4,../prompts/curl_up_and_lie_down.v1.en.txt,74,74-american-shorthair-brown-classic-tabby,美国短毛猫棕经典虎斑,11,11-curl-up-and-lie-down,curl_up_and_lie_down,低头向画面左侧蜷卧并闭眼休息,0,897_74-american-shorthair-brown-classic-tabby_11-curl-up-and-lie-down_seed-0,4,4.0,24,480,832,15:26,9:16,curl_up_and_lie_down.v1,pending_model_validation,9217effb2f85c4322c192edb9cc4c687268e1285527679229ed2d92161f10f6b,8414a980252d2baee6444085d2755563b7e0ccb3a138027e7cc6c1233be766eb
909,909,../../data_h3/cat_ids/75_英国短毛猫深金渐层.png,../Ref_curl_up_and_lie_down.mp4,../prepared/Ref_curl_up_and_lie_down.motion.mp4,../prompts/curl_up_and_lie_down.v1.en.txt,75,75-british-shorthair-deep-golden-shaded,英国短毛猫深金渐层,11,11-curl-up-and-lie-down,curl_up_and_lie_down,低头向画面左侧蜷卧并闭眼休息,0,909_75-british-shorthair-deep-golden-shaded_11-curl-up-and-lie-down_seed-0,4,4.0,24,480,832,15:26,9:16,curl_up_and_lie_down.v1,pending_model_validation,9217effb2f85c4322c192edb9cc4c687268e1285527679229ed2d92161f10f6b,8414a980252d2baee6444085d2755563b7e0ccb3a138027e7cc6c1233be766eb
921,921,../../data_h3/cat_ids/76_英国短毛猫浅金渐层.png,../Ref_curl_up_and_lie_down.mp4,../prepared/Ref_curl_up_and_lie_down.motion.mp4,../prompts/curl_up_and_lie_down.v1.en.txt,76,76-british-shorthair-light-golden-shaded,英国短毛猫浅金渐层,11,11-curl-up-and-lie-down,curl_up_and_lie_down,低头向画面左侧蜷卧并闭眼休息,0,921_76-british-shorthair-light-golden-shaded_11-curl-up-and-lie-down_seed-0,4,4.0,24,480,832,15:26,9:16,curl_up_and_lie_down.v1,pending_model_validation,9217effb2f85c4322c192edb9cc4c687268e1285527679229ed2d92161f10f6b,8414a980252d2baee6444085d2755563b7e0ccb3a138027e7cc6c1233be766eb
933,933,../../data_h3/cat_ids/77_英国短毛猫银渐层.png,../Ref_curl_up_and_lie_down.mp4,../prepared/Ref_curl_up_and_lie_down.motion.mp4,../prompts/curl_up_and_lie_down.v1.en.txt,77,77-british-shorthair-silver-shaded,英国短毛猫银渐层,11,11-curl-up-and-lie-down,curl_up_and_lie_down,低头向画面左侧蜷卧并闭眼休息,0,933_77-british-shorthair-silver-shaded_11-curl-up-and-lie-down_seed-0,4,4.0,24,480,832,15:26,9:16,curl_up_and_lie_down.v1,pending_model_validation,9217effb2f85c4322c192edb9cc4c687268e1285527679229ed2d92161f10f6b,8414a980252d2baee6444085d2755563b7e0ccb3a138027e7cc6c1233be766eb
945,945,../../data_h3/cat_ids/78_德文卷毛猫奶油虎斑.png,../Ref_curl_up_and_lie_down.mp4,../prepared/Ref_curl_up_and_lie_down.motion.mp4,../prompts/curl_up_and_lie_down.v1.en.txt,78,78-devon-rex-cream-tabby,德文卷毛猫奶油虎斑,11,11-curl-up-and-lie-down,curl_up_and_lie_down,低头向画面左侧蜷卧并闭眼休息,0,945_78-devon-rex-cream-tabby_11-curl-up-and-lie-down_seed-0,4,4.0,24,480,832,15:26,9:16,curl_up_and_lie_down.v1,pending_model_validation,9217effb2f85c4322c192edb9cc4c687268e1285527679229ed2d92161f10f6b,8414a980252d2baee6444085d2755563b7e0ccb3a138027e7cc6c1233be766eb
957,957,../../data_h3/cat_ids/79_缅因猫银虎斑.png,../Ref_curl_up_and_lie_down.mp4,../prepared/Ref_curl_up_and_lie_down.motion.mp4,../prompts/curl_up_and_lie_down.v1.en.txt,79,79-maine-coon-silver-tabby,缅因猫银虎斑,11,11-curl-up-and-lie-down,curl_up_and_lie_down,低头向画面左侧蜷卧并闭眼休息,0,957_79-maine-coon-silver-tabby_11-curl-up-and-lie-down_seed-0,4,4.0,24,480,832,15:26,9:16,curl_up_and_lie_down.v1,pending_model_validation,9217effb2f85c4322c192edb9cc4c687268e1285527679229ed2d92161f10f6b,8414a980252d2baee6444085d2755563b7e0ccb3a138027e7cc6c1233be766eb
