id,source_id,input_image,source_reference_video,reference_video,prompt_file,cat_idx,cat_id,cat_name_zh,motion_idx,motion_id,motion_slug,motion_name_zh,seed,output_name,duration_seconds,reference_duration_seconds,fps,width,height,source_aspect_ratio,aspect_ratio,prompt_version,prompt_status,prompt_sha256,source_reference_sha256,identity_prompt_file
009,9,../data_h3/cat_ids/00_短毛橘猫鱼骨纹.png,Ref_curl_up_and_lie_down.mp4,prepared/Ref_curl_up_and_lie_down.motion.mp4,prompts/curl_up_and_lie_down.v1.en.txt,00,00-orange-shorthair-mackerel-tabby,短毛橘猫鱼骨纹,11,11-curl-up-and-lie-down,curl_up_and_lie_down,低头向画面左侧蜷卧并闭眼休息,0,009_00-orange-shorthair-mackerel-tabby_11-curl-up-and-lie-down_seed-0,4,4.0,24,480,832,15:26,9:16,curl_up_and_lie_down.v1+cat_identity.v1,pending_model_validation,9101184885f7551d5e9d0d56a06e8db8ee6cbd0dc483820e010d77d05dd5dcd1,8414a980252d2baee6444085d2755563b7e0ccb3a138027e7cc6c1233be766eb,prompts/cat_identity.v1.json
021,21,../data_h3/cat_ids/01_短毛橘猫经典虎斑.png,Ref_curl_up_and_lie_down.mp4,prepared/Ref_curl_up_and_lie_down.motion.mp4,prompts/curl_up_and_lie_down.v1.en.txt,01,01-orange-shorthair-classic-tabby,短毛橘猫经典虎斑,11,11-curl-up-and-lie-down,curl_up_and_lie_down,低头向画面左侧蜷卧并闭眼休息,0,021_01-orange-shorthair-classic-tabby_11-curl-up-and-lie-down_seed-0,4,4.0,24,480,832,15:26,9:16,curl_up_and_lie_down.v1+cat_identity.v1,pending_model_validation,1aea770abd35abdf83aeb2e95ee208d1c05cec92bdd8a23ef6460cade52dcc4e,8414a980252d2baee6444085d2755563b7e0ccb3a138027e7cc6c1233be766eb,prompts/cat_identity.v1.json
033,33,../data_h3/cat_ids/02_长毛橘猫.png,Ref_curl_up_and_lie_down.mp4,prepared/Ref_curl_up_and_lie_down.motion.mp4,prompts/curl_up_and_lie_down.v1.en.txt,02,02-orange-longhair,长毛橘猫,11,11-curl-up-and-lie-down,curl_up_and_lie_down,低头向画面左侧蜷卧并闭眼休息,0,033_02-orange-longhair_11-curl-up-and-lie-down_seed-0,4,4.0,24,480,832,15:26,9:16,curl_up_and_lie_down.v1+cat_identity.v1,pending_model_validation,e2ecdcaefd100797db4ce3d6a22a28b90904acd1f0d3fedc26954c5a731cba9d,8414a980252d2baee6444085d2755563b7e0ccb3a138027e7cc6c1233be766eb,prompts/cat_identity.v1.json
045,45,../data_h3/cat_ids/03_短毛奶油虎斑猫.png,Ref_curl_up_and_lie_down.mp4,prepared/Ref_curl_up_and_lie_down.motion.mp4,prompts/curl_up_and_lie_down.v1.en.txt,03,03-cream-shorthair-tabby,短毛奶油虎斑猫,11,11-curl-up-and-lie-down,curl_up_and_lie_down,低头向画面左侧蜷卧并闭眼休息,0,045_03-cream-shorthair-tabby_11-curl-up-and-lie-down_seed-0,4,4.0,24,480,832,15:26,9:16,curl_up_and_lie_down.v1+cat_identity.v1,pending_model_validation,5c3c85be3ede8d1813cc015a78bf2ca9fcd8271b4dcb9e329021527e5f65d434,8414a980252d2baee6444085d2755563b7e0ccb3a138027e7cc6c1233be766eb,prompts/cat_identity.v1.json
057,57,../data_h3/cat_ids/04_长毛奶油加白猫.png,Ref_curl_up_and_lie_down.mp4,prepared/Ref_curl_up_and_lie_down.motion.mp4,prompts/curl_up_and_lie_down.v1.en.txt,04,04-cream-white-longhair,长毛奶油加白猫,11,11-curl-up-and-lie-down,curl_up_and_lie_down,低头向画面左侧蜷卧并闭眼休息,0,057_04-cream-white-longhair_11-curl-up-and-lie-down_seed-0,4,4.0,24,480,832,15:26,9:16,curl_up_and_lie_down.v1+cat_identity.v1,pending_model_validation,7db5a4433eac35aac524c07990d039af56d888da229bde39d5cedaf735cb4f67,8414a980252d2baee6444085d2755563b7e0ccb3a138027e7cc6c1233be766eb,prompts/cat_identity.v1.json
069,69,../data_h3/cat_ids/05_短毛橘白梵花猫.png,Ref_curl_up_and_lie_down.mp4,prepared/Ref_curl_up_and_lie_down.motion.mp4,prompts/curl_up_and_lie_down.v1.en.txt,05,05-orange-white-van-shorthair,短毛橘白梵花猫,11,11-curl-up-and-lie-down,curl_up_and_lie_down,低头向画面左侧蜷卧并闭眼休息,0,069_05-orange-white-van-shorthair_11-curl-up-and-lie-down_seed-0,4,4.0,24,480,832,15:26,9:16,curl_up_and_lie_down.v1+cat_identity.v1,pending_model_validation,a067ad9a79199e7d70797b0819240b068006053358fb9dcbc689bea971ff7129,8414a980252d2baee6444085d2755563b7e0ccb3a138027e7cc6c1233be766eb,prompts/cat_identity.v1.json
081,81,../data_h3/cat_ids/06_短毛黑猫.png,Ref_curl_up_and_lie_down.mp4,prepared/Ref_curl_up_and_lie_down.motion.mp4,prompts/curl_up_and_lie_down.v1.en.txt,06,06-black-shorthair,短毛黑猫,11,11-curl-up-and-lie-down,curl_up_and_lie_down,低头向画面左侧蜷卧并闭眼休息,0,081_06-black-shorthair_11-curl-up-and-lie-down_seed-0,4,4.0,24,480,832,15:26,9:16,curl_up_and_lie_down.v1+cat_identity.v1,pending_model_validation,c72d81115d4b89735c0cfd96e9ed123e6073b94056022268efca8c96a176b521,8414a980252d2baee6444085d2755563b7e0ccb3a138027e7cc6c1233be766eb,prompts/cat_identity.v1.json
093,93,../data_h3/cat_ids/07_长毛异瞳白猫.png,Ref_curl_up_and_lie_down.mp4,prepared/Ref_curl_up_and_lie_down.motion.mp4,prompts/curl_up_and_lie_down.v1.en.txt,07,07-odd-eyed-white-longhair,长毛异瞳白猫,11,11-curl-up-and-lie-down,curl_up_and_lie_down,低头向画面左侧蜷卧并闭眼休息,0,093_07-odd-eyed-white-longhair_11-curl-up-and-lie-down_seed-0,4,4.0,24,480,832,15:26,9:16,curl_up_and_lie_down.v1+cat_identity.v1,pending_model_validation,36de9a0ee1a6859d286b416e55eec15168c5f45de57c5f90df42a12dbe301b28,8414a980252d2baee6444085d2755563b7e0ccb3a138027e7cc6c1233be766eb,prompts/cat_identity.v1.json
105,105,../data_h3/cat_ids/08_短毛棕色鱼骨纹猫.png,Ref_curl_up_and_lie_down.mp4,prepared/Ref_curl_up_and_lie_down.motion.mp4,prompts/curl_up_and_lie_down.v1.en.txt,08,08-brown-shorthair-mackerel-tabby,短毛棕色鱼骨纹猫,11,11-curl-up-and-lie-down,curl_up_and_lie_down,低头向画面左侧蜷卧并闭眼休息,0,105_08-brown-shorthair-mackerel-tabby_11-curl-up-and-lie-down_seed-0,4,4.0,24,480,832,15:26,9:16,curl_up_and_lie_down.v1+cat_identity.v1,pending_model_validation,1dc0a7c45eb8ddde262a1854acd7c96ae2fa38ac3bf8ce418c0655d135b0a323,8414a980252d2baee6444085d2755563b7e0ccb3a138027e7cc6c1233be766eb,prompts/cat_identity.v1.json
117,117,../data_h3/cat_ids/09_短毛棕色经典虎斑猫.png,Ref_curl_up_and_lie_down.mp4,prepared/Ref_curl_up_and_lie_down.motion.mp4,prompts/curl_up_and_lie_down.v1.en.txt,09,09-brown-shorthair-classic-tabby,短毛棕色经典虎斑猫,11,11-curl-up-and-lie-down,curl_up_and_lie_down,低头向画面左侧蜷卧并闭眼休息,0,117_09-brown-shorthair-classic-tabby_11-curl-up-and-lie-down_seed-0,4,4.0,24,480,832,15:26,9:16,curl_up_and_lie_down.v1+cat_identity.v1,pending_model_validation,4df62af5ccd9f81f3face229a1c0084bb66b1ccafbc34d41fd920ceb5fb24a93,8414a980252d2baee6444085d2755563b7e0ccb3a138027e7cc6c1233be766eb,prompts/cat_identity.v1.json
129,129,../data_h3/cat_ids/10_短毛银色斑点猫.png,Ref_curl_up_and_lie_down.mp4,prepared/Ref_curl_up_and_lie_down.motion.mp4,prompts/curl_up_and_lie_down.v1.en.txt,10,10-silver-spotted-shorthair,短毛银色斑点猫,11,11-curl-up-and-lie-down,curl_up_and_lie_down,低头向画面左侧蜷卧并闭眼休息,0,129_10-silver-spotted-shorthair_11-curl-up-and-lie-down_seed-0,4,4.0,24,480,832,15:26,9:16,curl_up_and_lie_down.v1+cat_identity.v1,pending_model_validation,be901e97680ca306fa3353b4c5a291ad2cffbe955dcf49e8359f443ab45dd0df,8414a980252d2baee6444085d2755563b7e0ccb3a138027e7cc6c1233be766eb,prompts/cat_identity.v1.json
141,141,../data_h3/cat_ids/11_黑白燕尾服猫.png,Ref_curl_up_and_lie_down.mp4,prepared/Ref_curl_up_and_lie_down.motion.mp4,prompts/curl_up_and_lie_down.v1.en.txt,11,11-black-white-tuxedo,黑白燕尾服猫,11,11-curl-up-and-lie-down,curl_up_and_lie_down,低头向画面左侧蜷卧并闭眼休息,0,141_11-black-white-tuxedo_11-curl-up-and-lie-down_seed-0,4,4.0,24,480,832,15:26,9:16,curl_up_and_lie_down.v1+cat_identity.v1,pending_model_validation,7c3295f1bf378564666367b0fec4543351c78fef1dc6e689eb67a6960d12805c,8414a980252d2baee6444085d2755563b7e0ccb3a138027e7cc6c1233be766eb,prompts/cat_identity.v1.json
153,153,../data_h3/cat_ids/12_短毛三花猫.png,Ref_curl_up_and_lie_down.mp4,prepared/Ref_curl_up_and_lie_down.motion.mp4,prompts/curl_up_and_lie_down.v1.en.txt,12,12-calico-shorthair,短毛三花猫,11,11-curl-up-and-lie-down,curl_up_and_lie_down,低头向画面左侧蜷卧并闭眼休息,0,153_12-calico-shorthair_11-curl-up-and-lie-down_seed-0,4,4.0,24,480,832,15:26,9:16,curl_up_and_lie_down.v1+cat_identity.v1,pending_model_validation,1448ba02b86839be6d25d67f3435cb909c7649aa781783c66744ca2566710f9e,8414a980252d2baee6444085d2755563b7e0ccb3a138027e7cc6c1233be766eb,prompts/cat_identity.v1.json
165,165,../data_h3/cat_ids/13_短毛淡三花猫.png,Ref_curl_up_and_lie_down.mp4,prepared/Ref_curl_up_and_lie_down.motion.mp4,prompts/curl_up_and_lie_down.v1.en.txt,13,13-dilute-calico-shorthair,短毛淡三花猫,11,11-curl-up-and-lie-down,curl_up_and_lie_down,低头向画面左侧蜷卧并闭眼休息,0,165_13-dilute-calico-shorthair_11-curl-up-and-lie-down_seed-0,4,4.0,24,480,832,15:26,9:16,curl_up_and_lie_down.v1+cat_identity.v1,pending_model_validation,dd7278a17c366f6e9ea4f12a996d496eb5c78659a6e5731b0aa9641624f91377,8414a980252d2baee6444085d2755563b7e0ccb3a138027e7cc6c1233be766eb,prompts/cat_identity.v1.json
177,177,../data_h3/cat_ids/14_短毛黑玳瑁猫.png,Ref_curl_up_and_lie_down.mp4,prepared/Ref_curl_up_and_lie_down.motion.mp4,prompts/curl_up_and_lie_down.v1.en.txt,14,14-black-tortoiseshell-shorthair,短毛黑玳瑁猫,11,11-curl-up-and-lie-down,curl_up_and_lie_down,低头向画面左侧蜷卧并闭眼休息,0,177_14-black-tortoiseshell-shorthair_11-curl-up-and-lie-down_seed-0,4,4.0,24,480,832,15:26,9:16,curl_up_and_lie_down.v1+cat_identity.v1,pending_model_validation,408a09a9ac04ca0c690c6d357b5999c93abf28e66b144e0fefe0f99ea093b5ef,8414a980252d2baee6444085d2755563b7e0ccb3a138027e7cc6c1233be766eb,prompts/cat_identity.v1.json
189,189,../data_h3/cat_ids/15_短毛蓝奶油玳瑁猫.png,Ref_curl_up_and_lie_down.mp4,prepared/Ref_curl_up_and_lie_down.motion.mp4,prompts/curl_up_and_lie_down.v1.en.txt,15,15-blue-cream-tortoiseshell-shorthair,短毛蓝奶油玳瑁猫,11,11-curl-up-and-lie-down,curl_up_and_lie_down,低头向画面左侧蜷卧并闭眼休息,0,189_15-blue-cream-tortoiseshell-shorthair_11-curl-up-and-lie-down_seed-0,4,4.0,24,480,832,15:26,9:16,curl_up_and_lie_down.v1+cat_identity.v1,pending_model_validation,42bcabd8b03850584320c5c6ab75b2eac151bfcd25b9e0247c1789937cf728af,8414a980252d2baee6444085d2755563b7e0ccb3a138027e7cc6c1233be766eb,prompts/cat_identity.v1.json
201,201,../data_h3/cat_ids/16_阿比西尼亚猫原色.png,Ref_curl_up_and_lie_down.mp4,prepared/Ref_curl_up_and_lie_down.motion.mp4,prompts/curl_up_and_lie_down.v1.en.txt,16,16-abyssinian-ruddy,阿比西尼亚猫原色,11,11-curl-up-and-lie-down,curl_up_and_lie_down,低头向画面左侧蜷卧并闭眼休息,0,201_16-abyssinian-ruddy_11-curl-up-and-lie-down_seed-0,4,4.0,24,480,832,15:26,9:16,curl_up_and_lie_down.v1+cat_identity.v1,pending_model_validation,1b7d463d702e5022a16695610341e63f6b865778dfe23db58e65f9a8e0d28508,8414a980252d2baee6444085d2755563b7e0ccb3a138027e7cc6c1233be766eb,prompts/cat_identity.v1.json
213,213,../data_h3/cat_ids/17_索马里猫索雷尔色.png,Ref_curl_up_and_lie_down.mp4,prepared/Ref_curl_up_and_lie_down.motion.mp4,prompts/curl_up_and_lie_down.v1.en.txt,17,17-somali-sorrel,索马里猫索雷尔色,11,11-curl-up-and-lie-down,curl_up_and_lie_down,低头向画面左侧蜷卧并闭眼休息,0,213_17-somali-sorrel_11-curl-up-and-lie-down_seed-0,4,4.0,24,480,832,15:26,9:16,curl_up_and_lie_down.v1+cat_identity.v1,pending_model_validation,6b42caee90335c502155346c494eac745a8d85727def19a65dda2b5380cebfdb,8414a980252d2baee6444085d2755563b7e0ccb3a138027e7cc6c1233be766eb,prompts/cat_identity.v1.json
225,225,../data_h3/cat_ids/18_孟加拉猫玫瑰斑.png,Ref_curl_up_and_lie_down.mp4,prepared/Ref_curl_up_and_lie_down.motion.mp4,prompts/curl_up_and_lie_down.v1.en.txt,18,18-bengal-rosetted,孟加拉猫玫瑰斑,11,11-curl-up-and-lie-down,curl_up_and_lie_down,低头向画面左侧蜷卧并闭眼休息,0,225_18-bengal-rosetted_11-curl-up-and-lie-down_seed-0,4,4.0,24,480,832,15:26,9:16,curl_up_and_lie_down.v1+cat_identity.v1,pending_model_validation,3ee07a5de57e33e7e702bc397981b4026df688cdf03f6b57e98372c99606c49f,8414a980252d2baee6444085d2755563b7e0ccb3a138027e7cc6c1233be766eb,prompts/cat_identity.v1.json
237,237,../data_h3/cat_ids/19_孟加拉猫雪色大理石纹.png,Ref_curl_up_and_lie_down.mp4,prepared/Ref_curl_up_and_lie_down.motion.mp4,prompts/curl_up_and_lie_down.v1.en.txt,19,19-bengal-snow-marbled,孟加拉猫雪色大理石纹,11,11-curl-up-and-lie-down,curl_up_and_lie_down,低头向画面左侧蜷卧并闭眼休息,0,237_19-bengal-snow-marbled_11-curl-up-and-lie-down_seed-0,4,4.0,24,480,832,15:26,9:16,curl_up_and_lie_down.v1+cat_identity.v1,pending_model_validation,eefb774942aacc18906fdbee00aac9947dd9fc57669042e5eb49664909050fd9,8414a980252d2baee6444085d2755563b7e0ccb3a138027e7cc6c1233be766eb,prompts/cat_identity.v1.json
249,249,../data_h3/cat_ids/20_埃及猫.png,Ref_curl_up_and_lie_down.mp4,prepared/Ref_curl_up_and_lie_down.motion.mp4,prompts/curl_up_and_lie_down.v1.en.txt,20,20-egyptian-mau,埃及猫,11,11-curl-up-and-lie-down,curl_up_and_lie_down,低头向画面左侧蜷卧并闭眼休息,0,249_20-egyptian-mau_11-curl-up-and-lie-down_seed-0,4,4.0,24,480,832,15:26,9:16,curl_up_and_lie_down.v1+cat_identity.v1,pending_model_validation,f06a5dabb43ae010b28841ef5def6d68b8fa39c594405505ca4dadacbf3bba4d,8414a980252d2baee6444085d2755563b7e0ccb3a138027e7cc6c1233be766eb,prompts/cat_identity.v1.json
261,261,../data_h3/cat_ids/21_奥西猫黄褐色.png,Ref_curl_up_and_lie_down.mp4,prepared/Ref_curl_up_and_lie_down.motion.mp4,prompts/curl_up_and_lie_down.v1.en.txt,21,21-ocicat-tawny,奥西猫黄褐色,11,11-curl-up-and-lie-down,curl_up_and_lie_down,低头向画面左侧蜷卧并闭眼休息,0,261_21-ocicat-tawny_11-curl-up-and-lie-down_seed-0,4,4.0,24,480,832,15:26,9:16,curl_up_and_lie_down.v1+cat_identity.v1,pending_model_validation,ef730b99d6ec778358fe5b5729eb33995864504accce90dd0a4efab05b85041c,8414a980252d2baee6444085d2755563b7e0ccb3a138027e7cc6c1233be766eb,prompts/cat_identity.v1.json
273,273,../data_h3/cat_ids/22_萨凡纳猫.png,Ref_curl_up_and_lie_down.mp4,prepared/Ref_curl_up_and_lie_down.motion.mp4,prompts/curl_up_and_lie_down.v1.en.txt,22,22-savannah,萨凡纳猫,11,11-curl-up-and-lie-down,curl_up_and_lie_down,低头向画面左侧蜷卧并闭眼休息,0,273_22-savannah_11-curl-up-and-lie-down_seed-0,4,4.0,24,480,832,15:26,9:16,curl_up_and_lie_down.v1+cat_identity.v1,pending_model_validation,d3c9f2b863245a4a8876de0e4425a04b2874692f34ea24d4f81811a98b4d0718,8414a980252d2baee6444085d2755563b7e0ccb3a138027e7cc6c1233be766eb,prompts/cat_identity.v1.json
285,285,../data_h3/cat_ids/23_缅因猫.png,Ref_curl_up_and_lie_down.mp4,prepared/Ref_curl_up_and_lie_down.motion.mp4,prompts/curl_up_and_lie_down.v1.en.txt,23,23-maine-coon,缅因猫,11,11-curl-up-and-lie-down,curl_up_and_lie_down,低头向画面左侧蜷卧并闭眼休息,0,285_23-maine-coon_11-curl-up-and-lie-down_seed-0,4,4.0,24,480,832,15:26,9:16,curl_up_and_lie_down.v1+cat_identity.v1,pending_model_validation,0096dd58165216943a380bd3b79f141bbe66c101f128f6eb6b98da3347948a1e,8414a980252d2baee6444085d2755563b7e0ccb3a138027e7cc6c1233be766eb,prompts/cat_identity.v1.json
297,297,../data_h3/cat_ids/24_挪威森林猫琥珀色.png,Ref_curl_up_and_lie_down.mp4,prepared/Ref_curl_up_and_lie_down.motion.mp4,prompts/curl_up_and_lie_down.v1.en.txt,24,24-norwegian-forest-amber,挪威森林猫琥珀色,11,11-curl-up-and-lie-down,curl_up_and_lie_down,低头向画面左侧蜷卧并闭眼休息,0,297_24-norwegian-forest-amber_11-curl-up-and-lie-down_seed-0,4,4.0,24,480,832,15:26,9:16,curl_up_and_lie_down.v1+cat_identity.v1,pending_model_validation,f060c0eafbf2679f841d90f4c2a990a1e0568e4055542059421ece3abde956e7,8414a980252d2baee6444085d2755563b7e0ccb3a138027e7cc6c1233be766eb,prompts/cat_identity.v1.json
309,309,../data_h3/cat_ids/25_西伯利亚猫银色.png,Ref_curl_up_and_lie_down.mp4,prepared/Ref_curl_up_and_lie_down.motion.mp4,prompts/curl_up_and_lie_down.v1.en.txt,25,25-siberian-silver,西伯利亚猫银色,11,11-curl-up-and-lie-down,curl_up_and_lie_down,低头向画面左侧蜷卧并闭眼休息,0,309_25-siberian-silver_11-curl-up-and-lie-down_seed-0,4,4.0,24,480,832,15:26,9:16,curl_up_and_lie_down.v1+cat_identity.v1,pending_model_validation,d1b20f8a6aeb282785f5f4c44f91d08f0b8fa58531ab1324de5fe5a8cb7a54f2,8414a980252d2baee6444085d2755563b7e0ccb3a138027e7cc6c1233be766eb,prompts/cat_identity.v1.json
321,321,../data_h3/cat_ids/26_涅瓦假面猫海豹山猫纹.png,Ref_curl_up_and_lie_down.mp4,prepared/Ref_curl_up_and_lie_down.motion.mp4,prompts/curl_up_and_lie_down.v1.en.txt,26,26-neva-masquerade-seal-lynx-point,涅瓦假面猫海豹山猫纹,11,11-curl-up-and-lie-down,curl_up_and_lie_down,低头向画面左侧蜷卧并闭眼休息,0,321_26-neva-masquerade-seal-lynx-point_11-curl-up-and-lie-down_seed-0,4,4.0,24,480,832,15:26,9:16,curl_up_and_lie_down.v1+cat_identity.v1,pending_model_validation,2e6a6a1370437a6dec2dd83128d9276f3dee13c0fa52165c2dbdf25576e73195,8414a980252d2baee6444085d2755563b7e0ccb3a138027e7cc6c1233be766eb,prompts/cat_identity.v1.json
333,333,../data_h3/cat_ids/27_布偶猫蓝双色.png,Ref_curl_up_and_lie_down.mp4,prepared/Ref_curl_up_and_lie_down.motion.mp4,prompts/curl_up_and_lie_down.v1.en.txt,27,27-ragdoll-blue-bicolor,布偶猫蓝双色,11,11-curl-up-and-lie-down,curl_up_and_lie_down,低头向画面左侧蜷卧并闭眼休息,0,333_27-ragdoll-blue-bicolor_11-curl-up-and-lie-down_seed-0,4,4.0,24,480,832,15:26,9:16,curl_up_and_lie_down.v1+cat_identity.v1,pending_model_validation,cb333b09c56b49bb81494c297ff7fda50f43d7c080f1d565cd7aa99ed73e4935,8414a980252d2baee6444085d2755563b7e0ccb3a138027e7cc6c1233be766eb,prompts/cat_identity.v1.json
345,345,../data_h3/cat_ids/28_伯曼猫海豹重点色.png,Ref_curl_up_and_lie_down.mp4,prepared/Ref_curl_up_and_lie_down.motion.mp4,prompts/curl_up_and_lie_down.v1.en.txt,28,28-birman-seal-point,伯曼猫海豹重点色,11,11-curl-up-and-lie-down,curl_up_and_lie_down,低头向画面左侧蜷卧并闭眼休息,0,345_28-birman-seal-point_11-curl-up-and-lie-down_seed-0,4,4.0,24,480,832,15:26,9:16,curl_up_and_lie_down.v1+cat_identity.v1,pending_model_validation,f6c656a2020e6be965f5e7c22f4fe84fe4731e454d308ba449e9e361554b5f14,8414a980252d2baee6444085d2755563b7e0ccb3a138027e7cc6c1233be766eb,prompts/cat_identity.v1.json
357,357,../data_h3/cat_ids/29_波斯猫金吉拉色.png,Ref_curl_up_and_lie_down.mp4,prepared/Ref_curl_up_and_lie_down.motion.mp4,prompts/curl_up_and_lie_down.v1.en.txt,29,29-persian-chinchilla,波斯猫金吉拉色,11,11-curl-up-and-lie-down,curl_up_and_lie_down,低头向画面左侧蜷卧并闭眼休息,0,357_29-persian-chinchilla_11-curl-up-and-lie-down_seed-0,4,4.0,24,480,832,15:26,9:16,curl_up_and_lie_down.v1+cat_identity.v1,pending_model_validation,513359c975164dfbab4edf9714f413bc37c0d8b832ec4c16e5b571337d9ce361,8414a980252d2baee6444085d2755563b7e0ccb3a138027e7cc6c1233be766eb,prompts/cat_identity.v1.json
369,369,../data_h3/cat_ids/30_异国短毛猫奶油色.png,Ref_curl_up_and_lie_down.mp4,prepared/Ref_curl_up_and_lie_down.motion.mp4,prompts/curl_up_and_lie_down.v1.en.txt,30,30-exotic-shorthair-cream,异国短毛猫奶油色,11,11-curl-up-and-lie-down,curl_up_and_lie_down,低头向画面左侧蜷卧并闭眼休息,0,369_30-exotic-shorthair-cream_11-curl-up-and-lie-down_seed-0,4,4.0,24,480,832,15:26,9:16,curl_up_and_lie_down.v1+cat_identity.v1,pending_model_validation,f105bb7b7a996c98d30fda2eed2462af9d1f51d83391805c4ff8585dd2581ea4,8414a980252d2baee6444085d2755563b7e0ccb3a138027e7cc6c1233be766eb,prompts/cat_identity.v1.json
381,381,../data_h3/cat_ids/31_土耳其安哥拉猫.png,Ref_curl_up_and_lie_down.mp4,prepared/Ref_curl_up_and_lie_down.motion.mp4,prompts/curl_up_and_lie_down.v1.en.txt,31,31-turkish-angora,土耳其安哥拉猫,11,11-curl-up-and-lie-down,curl_up_and_lie_down,低头向画面左侧蜷卧并闭眼休息,0,381_31-turkish-angora_11-curl-up-and-lie-down_seed-0,4,4.0,24,480,832,15:26,9:16,curl_up_and_lie_down.v1+cat_identity.v1,pending_model_validation,da4a93100008fbb863c9c4a505c5014ed3f859bc8b5870cbad3179d577798856,8414a980252d2baee6444085d2755563b7e0ccb3a138027e7cc6c1233be766eb,prompts/cat_identity.v1.json
393,393,../data_h3/cat_ids/32_土耳其梵猫.png,Ref_curl_up_and_lie_down.mp4,prepared/Ref_curl_up_and_lie_down.motion.mp4,prompts/curl_up_and_lie_down.v1.en.txt,32,32-turkish-van,土耳其梵猫,11,11-curl-up-and-lie-down,curl_up_and_lie_down,低头向画面左侧蜷卧并闭眼休息,0,393_32-turkish-van_11-curl-up-and-lie-down_seed-0,4,4.0,24,480,832,15:26,9:16,curl_up_and_lie_down.v1+cat_identity.v1,pending_model_validation,ccbe024120e4bb5ed18019a5794ead271b0ddc0a041f291c1a7612dc5807f1c8,8414a980252d2baee6444085d2755563b7e0ccb3a138027e7cc6c1233be766eb,prompts/cat_identity.v1.json
405,405,../data_h3/cat_ids/33_喜马拉雅猫火焰重点色.png,Ref_curl_up_and_lie_down.mp4,prepared/Ref_curl_up_and_lie_down.motion.mp4,prompts/curl_up_and_lie_down.v1.en.txt,33,33-himalayan-flame-point,喜马拉雅猫火焰重点色,11,11-curl-up-and-lie-down,curl_up_and_lie_down,低头向画面左侧蜷卧并闭眼休息,0,405_33-himalayan-flame-point_11-curl-up-and-lie-down_seed-0,4,4.0,24,480,832,15:26,9:16,curl_up_and_lie_down.v1+cat_identity.v1,pending_model_validation,5a86335a839ad95e5309af064add9462062098995147069dbfe028d837b547ee,8414a980252d2baee6444085d2755563b7e0ccb3a138027e7cc6c1233be766eb,prompts/cat_identity.v1.json
417,417,../data_h3/cat_ids/34_暹罗猫海豹重点色.png,Ref_curl_up_and_lie_down.mp4,prepared/Ref_curl_up_and_lie_down.motion.mp4,prompts/curl_up_and_lie_down.v1.en.txt,34,34-siamese-seal-point,暹罗猫海豹重点色,11,11-curl-up-and-lie-down,curl_up_and_lie_down,低头向画面左侧蜷卧并闭眼休息,0,417_34-siamese-seal-point_11-curl-up-and-lie-down_seed-0,4,4.0,24,480,832,15:26,9:16,curl_up_and_lie_down.v1+cat_identity.v1,pending_model_validation,436c6903993200e06b96b3939badf52430b766d6ba9d5c364c6b6d9a9a324dfd,8414a980252d2baee6444085d2755563b7e0ccb3a138027e7cc6c1233be766eb,prompts/cat_identity.v1.json
429,429,../data_h3/cat_ids/35_巴厘猫海豹重点色.png,Ref_curl_up_and_lie_down.mp4,prepared/Ref_curl_up_and_lie_down.motion.mp4,prompts/curl_up_and_lie_down.v1.en.txt,35,35-balinese-seal-point,巴厘猫海豹重点色,11,11-curl-up-and-lie-down,curl_up_and_lie_down,低头向画面左侧蜷卧并闭眼休息,0,429_35-balinese-seal-point_11-curl-up-and-lie-down_seed-0,4,4.0,24,480,832,15:26,9:16,curl_up_and_lie_down.v1+cat_identity.v1,pending_model_validation,8fb5ed17d8545ee69099fd3ba20db4a3779ea860279aac26ca6d4ddd2eca781c,8414a980252d2baee6444085d2755563b7e0ccb3a138027e7cc6c1233be766eb,prompts/cat_identity.v1.json
441,441,../data_h3/cat_ids/36_缅甸猫深褐色.png,Ref_curl_up_and_lie_down.mp4,prepared/Ref_curl_up_and_lie_down.motion.mp4,prompts/curl_up_and_lie_down.v1.en.txt,36,36-burmese-sable,缅甸猫深褐色,11,11-curl-up-and-lie-down,curl_up_and_lie_down,低头向画面左侧蜷卧并闭眼休息,0,441_36-burmese-sable_11-curl-up-and-lie-down_seed-0,4,4.0,24,480,832,15:26,9:16,curl_up_and_lie_down.v1+cat_identity.v1,pending_model_validation,4d0fefc0cb5f149f85a83ac1caaa195d262729e43dd3313e2677aaf9bc335c6e,8414a980252d2baee6444085d2755563b7e0ccb3a138027e7cc6c1233be766eb,prompts/cat_identity.v1.json
453,453,../data_h3/cat_ids/37_东奇尼猫貂色.png,Ref_curl_up_and_lie_down.mp4,prepared/Ref_curl_up_and_lie_down.motion.mp4,prompts/curl_up_and_lie_down.v1.en.txt,37,37-tonkinese-mink,东奇尼猫貂色,11,11-curl-up-and-lie-down,curl_up_and_lie_down,低头向画面左侧蜷卧并闭眼休息,0,453_37-tonkinese-mink_11-curl-up-and-lie-down_seed-0,4,4.0,24,480,832,15:26,9:16,curl_up_and_lie_down.v1+cat_identity.v1,pending_model_validation,1c868c3f2ec3e8f7054555c9f44324c7c7d58eb94c3a208ac631be52d5a23ecb,8414a980252d2baee6444085d2755563b7e0ccb3a138027e7cc6c1233be766eb,prompts/cat_identity.v1.json
465,465,../data_h3/cat_ids/38_彼得秃猫.png,Ref_curl_up_and_lie_down.mp4,prepared/Ref_curl_up_and_lie_down.motion.mp4,prompts/curl_up_and_lie_down.v1.en.txt,38,38-peterbald,彼得秃猫,11,11-curl-up-and-lie-down,curl_up_and_lie_down,低头向画面左侧蜷卧并闭眼休息,0,465_38-peterbald_11-curl-up-and-lie-down_seed-0,4,4.0,24,480,832,15:26,9:16,curl_up_and_lie_down.v1+cat_identity.v1,pending_model_validation,a603dd72a1b1074d2e975d6cf017a0de35e06416dd74fff9b295212473960d11,8414a980252d2baee6444085d2755563b7e0ccb3a138027e7cc6c1233be766eb,prompts/cat_identity.v1.json
477,477,../data_h3/cat_ids/39_雪鞋猫.png,Ref_curl_up_and_lie_down.mp4,prepared/Ref_curl_up_and_lie_down.motion.mp4,prompts/curl_up_and_lie_down.v1.en.txt,39,39-snowshoe,雪鞋猫,11,11-curl-up-and-lie-down,curl_up_and_lie_down,低头向画面左侧蜷卧并闭眼休息,0,477_39-snowshoe_11-curl-up-and-lie-down_seed-0,4,4.0,24,480,832,15:26,9:16,curl_up_and_lie_down.v1+cat_identity.v1,pending_model_validation,8a63fb975503336536e53d87c6da837146c458e73d9f831e6838085f770bd023,8414a980252d2baee6444085d2755563b7e0ccb3a138027e7cc6c1233be766eb,prompts/cat_identity.v1.json
489,489,../data_h3/cat_ids/40_孟买猫.png,Ref_curl_up_and_lie_down.mp4,prepared/Ref_curl_up_and_lie_down.motion.mp4,prompts/curl_up_and_lie_down.v1.en.txt,40,40-bombay,孟买猫,11,11-curl-up-and-lie-down,curl_up_and_lie_down,低头向画面左侧蜷卧并闭眼休息,0,489_40-bombay_11-curl-up-and-lie-down_seed-0,4,4.0,24,480,832,15:26,9:16,curl_up_and_lie_down.v1+cat_identity.v1,pending_model_validation,531823e00eb66f6deac9340b148398c13135ef86afb468d811ba167b1327de63,8414a980252d2baee6444085d2755563b7e0ccb3a138027e7cc6c1233be766eb,prompts/cat_identity.v1.json
501,501,../data_h3/cat_ids/41_英国短毛猫蓝色.png,Ref_curl_up_and_lie_down.mp4,prepared/Ref_curl_up_and_lie_down.motion.mp4,prompts/curl_up_and_lie_down.v1.en.txt,41,41-british-shorthair-blue,英国短毛猫蓝色,11,11-curl-up-and-lie-down,curl_up_and_lie_down,低头向画面左侧蜷卧并闭眼休息,0,501_41-british-shorthair-blue_11-curl-up-and-lie-down_seed-0,4,4.0,24,480,832,15:26,9:16,curl_up_and_lie_down.v1+cat_identity.v1,pending_model_validation,f47c030de74dab7ce5357cf061326fc9992f6ed78ec1a016dd86ae5fac5c1be5,8414a980252d2baee6444085d2755563b7e0ccb3a138027e7cc6c1233be766eb,prompts/cat_identity.v1.json
513,513,../data_h3/cat_ids/42_英国短毛猫金色.png,Ref_curl_up_and_lie_down.mp4,prepared/Ref_curl_up_and_lie_down.motion.mp4,prompts/curl_up_and_lie_down.v1.en.txt,42,42-british-shorthair-golden,英国短毛猫金色,11,11-curl-up-and-lie-down,curl_up_and_lie_down,低头向画面左侧蜷卧并闭眼休息,0,513_42-british-shorthair-golden_11-curl-up-and-lie-down_seed-0,4,4.0,24,480,832,15:26,9:16,curl_up_and_lie_down.v1+cat_identity.v1,pending_model_validation,7f2585fc749655319224e0ae7a37ffb98d2cd967fa157af5e063962241ec5ca4,8414a980252d2baee6444085d2755563b7e0ccb3a138027e7cc6c1233be766eb,prompts/cat_identity.v1.json
525,525,../data_h3/cat_ids/43_英国长毛猫丁香色.png,Ref_curl_up_and_lie_down.mp4,prepared/Ref_curl_up_and_lie_down.motion.mp4,prompts/curl_up_and_lie_down.v1.en.txt,43,43-british-longhair-lilac,英国长毛猫丁香色,11,11-curl-up-and-lie-down,curl_up_and_lie_down,低头向画面左侧蜷卧并闭眼休息,0,525_43-british-longhair-lilac_11-curl-up-and-lie-down_seed-0,4,4.0,24,480,832,15:26,9:16,curl_up_and_lie_down.v1+cat_identity.v1,pending_model_validation,dc1ec6cf22da04f7009223b88b10dd7d77649cee6a9b1f99f5bcf30dfd856260,8414a980252d2baee6444085d2755563b7e0ccb3a138027e7cc6c1233be766eb,prompts/cat_identity.v1.json
537,537,../data_h3/cat_ids/44_沙特尔猫.png,Ref_curl_up_and_lie_down.mp4,prepared/Ref_curl_up_and_lie_down.motion.mp4,prompts/curl_up_and_lie_down.v1.en.txt,44,44-chartreux,沙特尔猫,11,11-curl-up-and-lie-down,curl_up_and_lie_down,低头向画面左侧蜷卧并闭眼休息,0,537_44-chartreux_11-curl-up-and-lie-down_seed-0,4,4.0,24,480,832,15:26,9:16,curl_up_and_lie_down.v1+cat_identity.v1,pending_model_validation,69cd183b044ba6b18ad0632eda4dab6fc77006aa6c21105a0c2a8a3087ac7478,8414a980252d2baee6444085d2755563b7e0ccb3a138027e7cc6c1233be766eb,prompts/cat_identity.v1.json
549,549,../data_h3/cat_ids/45_俄罗斯蓝猫.png,Ref_curl_up_and_lie_down.mp4,prepared/Ref_curl_up_and_lie_down.motion.mp4,prompts/curl_up_and_lie_down.v1.en.txt,45,45-russian-blue,俄罗斯蓝猫,11,11-curl-up-and-lie-down,curl_up_and_lie_down,低头向画面左侧蜷卧并闭眼休息,0,549_45-russian-blue_11-curl-up-and-lie-down_seed-0,4,4.0,24,480,832,15:26,9:16,curl_up_and_lie_down.v1+cat_identity.v1,pending_model_validation,10483c7baa5c90eed827b9237b52b00c178bfcdab10ac64f5489e5522c9dd34f,8414a980252d2baee6444085d2755563b7e0ccb3a138027e7cc6c1233be766eb,prompts/cat_identity.v1.json
561,561,../data_h3/cat_ids/46_美国短毛猫银虎斑.png,Ref_curl_up_and_lie_down.mp4,prepared/Ref_curl_up_and_lie_down.motion.mp4,prompts/curl_up_and_lie_down.v1.en.txt,46,46-american-shorthair-silver-tabby,美国短毛猫银虎斑,11,11-curl-up-and-lie-down,curl_up_and_lie_down,低头向画面左侧蜷卧并闭眼休息,0,561_46-american-shorthair-silver-tabby_11-curl-up-and-lie-down_seed-0,4,4.0,24,480,832,15:26,9:16,curl_up_and_lie_down.v1+cat_identity.v1,pending_model_validation,b9846d0fb47ef342ef0de33a74eab5bad7ff576893eb791d22177fe528439335,8414a980252d2baee6444085d2755563b7e0ccb3a138027e7cc6c1233be766eb,prompts/cat_identity.v1.json
573,573,../data_h3/cat_ids/47_美国硬毛猫.png,Ref_curl_up_and_lie_down.mp4,prepared/Ref_curl_up_and_lie_down.motion.mp4,prompts/curl_up_and_lie_down.v1.en.txt,47,47-american-wirehair,美国硬毛猫,11,11-curl-up-and-lie-down,curl_up_and_lie_down,低头向画面左侧蜷卧并闭眼休息,0,573_47-american-wirehair_11-curl-up-and-lie-down_seed-0,4,4.0,24,480,832,15:26,9:16,curl_up_and_lie_down.v1+cat_identity.v1,pending_model_validation,70adaeafa2147f111874cabacbebf1c96614d259bbadd55ea8e17cf696b9a472,8414a980252d2baee6444085d2755563b7e0ccb3a138027e7cc6c1233be766eb,prompts/cat_identity.v1.json
585,585,../data_h3/cat_ids/48_美国卷耳猫长毛.png,Ref_curl_up_and_lie_down.mp4,prepared/Ref_curl_up_and_lie_down.motion.mp4,prompts/curl_up_and_lie_down.v1.en.txt,48,48-american-curl-longhair,美国卷耳猫长毛,11,11-curl-up-and-lie-down,curl_up_and_lie_down,低头向画面左侧蜷卧并闭眼休息,0,585_48-american-curl-longhair_11-curl-up-and-lie-down_seed-0,4,4.0,24,480,832,15:26,9:16,curl_up_and_lie_down.v1+cat_identity.v1,pending_model_validation,102129441fccd8d8c78b261b5e8815ec893744682c19830269130dbd8bbd20c1,8414a980252d2baee6444085d2755563b7e0ccb3a138027e7cc6c1233be766eb,prompts/cat_identity.v1.json
597,597,../data_h3/cat_ids/49_苏格兰折耳猫.png,Ref_curl_up_and_lie_down.mp4,prepared/Ref_curl_up_and_lie_down.motion.mp4,prompts/curl_up_and_lie_down.v1.en.txt,49,49-scottish-fold,苏格兰折耳猫,11,11-curl-up-and-lie-down,curl_up_and_lie_down,低头向画面左侧蜷卧并闭眼休息,0,597_49-scottish-fold_11-curl-up-and-lie-down_seed-0,4,4.0,24,480,832,15:26,9:16,curl_up_and_lie_down.v1+cat_identity.v1,pending_model_validation,485e774b35d89c7e06e0f92cca99ae9e359b464b1766ead90c840e51cdaa0dd6,8414a980252d2baee6444085d2755563b7e0ccb3a138027e7cc6c1233be766eb,prompts/cat_identity.v1.json
609,609,../data_h3/cat_ids/50_日本短尾猫.png,Ref_curl_up_and_lie_down.mp4,prepared/Ref_curl_up_and_lie_down.motion.mp4,prompts/curl_up_and_lie_down.v1.en.txt,50,50-japanese-bobtail,日本短尾猫,11,11-curl-up-and-lie-down,curl_up_and_lie_down,低头向画面左侧蜷卧并闭眼休息,0,609_50-japanese-bobtail_11-curl-up-and-lie-down_seed-0,4,4.0,24,480,832,15:26,9:16,curl_up_and_lie_down.v1+cat_identity.v1,pending_model_validation,a74b2b9b9ed5f7bdbfc13a88ae3b4ee9be5cfbc8de119044540bcb25321d9910,8414a980252d2baee6444085d2755563b7e0ccb3a138027e7cc6c1233be766eb,prompts/cat_identity.v1.json
621,621,../data_h3/cat_ids/51_库里尔短尾猫.png,Ref_curl_up_and_lie_down.mp4,prepared/Ref_curl_up_and_lie_down.motion.mp4,prompts/curl_up_and_lie_down.v1.en.txt,51,51-kurilian-bobtail,库里尔短尾猫,11,11-curl-up-and-lie-down,curl_up_and_lie_down,低头向画面左侧蜷卧并闭眼休息,0,621_51-kurilian-bobtail_11-curl-up-and-lie-down_seed-0,4,4.0,24,480,832,15:26,9:16,curl_up_and_lie_down.v1+cat_identity.v1,pending_model_validation,7e90446158846876c614860c00f7f2510d330281b1c43a581900a3b893e4a46c,8414a980252d2baee6444085d2755563b7e0ccb3a138027e7cc6c1233be766eb,prompts/cat_identity.v1.json
633,633,../data_h3/cat_ids/52_马恩岛猫短尾.png,Ref_curl_up_and_lie_down.mp4,prepared/Ref_curl_up_and_lie_down.motion.mp4,prompts/curl_up_and_lie_down.v1.en.txt,52,52-manx-short-tail,马恩岛猫短尾,11,11-curl-up-and-lie-down,curl_up_and_lie_down,低头向画面左侧蜷卧并闭眼休息,0,633_52-manx-short-tail_11-curl-up-and-lie-down_seed-0,4,4.0,24,480,832,15:26,9:16,curl_up_and_lie_down.v1+cat_identity.v1,pending_model_validation,87f753b55908ac3592ddb204a6e55db8fdfd1f11ccdae0db65383ef0b34830ad,8414a980252d2baee6444085d2755563b7e0ccb3a138027e7cc6c1233be766eb,prompts/cat_identity.v1.json
645,645,../data_h3/cat_ids/53_德文卷毛猫.png,Ref_curl_up_and_lie_down.mp4,prepared/Ref_curl_up_and_lie_down.motion.mp4,prompts/curl_up_and_lie_down.v1.en.txt,53,53-devon-rex,德文卷毛猫,11,11-curl-up-and-lie-down,curl_up_and_lie_down,低头向画面左侧蜷卧并闭眼休息,0,645_53-devon-rex_11-curl-up-and-lie-down_seed-0,4,4.0,24,480,832,15:26,9:16,curl_up_and_lie_down.v1+cat_identity.v1,pending_model_validation,ba6d6fa1b869bf1565377c8eaf45b8261a49fba63e6bf5a32cfd178c04832daf,8414a980252d2baee6444085d2755563b7e0ccb3a138027e7cc6c1233be766eb,prompts/cat_identity.v1.json
657,657,../data_h3/cat_ids/54_塞尔凯克卷毛猫长毛.png,Ref_curl_up_and_lie_down.mp4,prepared/Ref_curl_up_and_lie_down.motion.mp4,prompts/curl_up_and_lie_down.v1.en.txt,54,54-selkirk-rex-longhair,塞尔凯克卷毛猫长毛,11,11-curl-up-and-lie-down,curl_up_and_lie_down,低头向画面左侧蜷卧并闭眼休息,0,657_54-selkirk-rex-longhair_11-curl-up-and-lie-down_seed-0,4,4.0,24,480,832,15:26,9:16,curl_up_and_lie_down.v1+cat_identity.v1,pending_model_validation,00f3bd88e4dd311e3ed8dd25c90fa58434d30b11a61b263aaab84c86b2bd18d6,8414a980252d2baee6444085d2755563b7e0ccb3a138027e7cc6c1233be766eb,prompts/cat_identity.v1.json
669,669,../data_h3/cat_ids/55_拉邦卷毛猫长毛.png,Ref_curl_up_and_lie_down.mp4,prepared/Ref_curl_up_and_lie_down.motion.mp4,prompts/curl_up_and_lie_down.v1.en.txt,55,55-laperm-longhair,拉邦卷毛猫长毛,11,11-curl-up-and-lie-down,curl_up_and_lie_down,低头向画面左侧蜷卧并闭眼休息,0,669_55-laperm-longhair_11-curl-up-and-lie-down_seed-0,4,4.0,24,480,832,15:26,9:16,curl_up_and_lie_down.v1+cat_identity.v1,pending_model_validation,ae58cf9159107c1994075ee39a23a41b8d1b8c043104984020ed15bc7ae3648b,8414a980252d2baee6444085d2755563b7e0ccb3a138027e7cc6c1233be766eb,prompts/cat_identity.v1.json
681,681,../data_h3/cat_ids/56_中华田园猫深棕狸花.png,Ref_curl_up_and_lie_down.mp4,prepared/Ref_curl_up_and_lie_down.motion.mp4,prompts/curl_up_and_lie_down.v1.en.txt,56,56-chinese-domestic-dark-brown-tabby,中华田园猫深棕狸花,11,11-curl-up-and-lie-down,curl_up_and_lie_down,低头向画面左侧蜷卧并闭眼休息,0,681_56-chinese-domestic-dark-brown-tabby_11-curl-up-and-lie-down_seed-0,4,4.0,24,480,832,15:26,9:16,curl_up_and_lie_down.v1+cat_identity.v1,pending_model_validation,7139312582811c44e2d7b28493126216a1340c087563f47a5b414b6974f8fb22,8414a980252d2baee6444085d2755563b7e0ccb3a138027e7cc6c1233be766eb,prompts/cat_identity.v1.json
693,693,../data_h3/cat_ids/57_中华田园猫金棕狸花.png,Ref_curl_up_and_lie_down.mp4,prepared/Ref_curl_up_and_lie_down.motion.mp4,prompts/curl_up_and_lie_down.v1.en.txt,57,57-chinese-domestic-golden-brown-tabby,中华田园猫金棕狸花,11,11-curl-up-and-lie-down,curl_up_and_lie_down,低头向画面左侧蜷卧并闭眼休息,0,693_57-chinese-domestic-golden-brown-tabby_11-curl-up-and-lie-down_seed-0,4,4.0,24,480,832,15:26,9:16,curl_up_and_lie_down.v1+cat_identity.v1,pending_model_validation,bef8c1fba8ebc4c7c37a354ab18cff97db5adc79bc847bf0096d04eb516ee7a8,8414a980252d2baee6444085d2755563b7e0ccb3a138027e7cc6c1233be766eb,prompts/cat_identity.v1.json
705,705,../data_h3/cat_ids/58_中华田园猫狸白.png,Ref_curl_up_and_lie_down.mp4,prepared/Ref_curl_up_and_lie_down.motion.mp4,prompts/curl_up_and_lie_down.v1.en.txt,58,58-chinese-domestic-tabby-white,中华田园猫狸白,11,11-curl-up-and-lie-down,curl_up_and_lie_down,低头向画面左侧蜷卧并闭眼休息,0,705_58-chinese-domestic-tabby-white_11-curl-up-and-lie-down_seed-0,4,4.0,24,480,832,15:26,9:16,curl_up_and_lie_down.v1+cat_identity.v1,pending_model_validation,15949f8daf28ff52da8d964a4967a60b8603cc12e44eaf96cf37aa182420b065,8414a980252d2baee6444085d2755563b7e0ccb3a138027e7cc6c1233be766eb,prompts/cat_identity.v1.json
717,717,../data_h3/cat_ids/59_中华田园猫高白奶牛.png,Ref_curl_up_and_lie_down.mp4,prepared/Ref_curl_up_and_lie_down.motion.mp4,prompts/curl_up_and_lie_down.v1.en.txt,59,59-chinese-domestic-high-white-black,中华田园猫高白奶牛,11,11-curl-up-and-lie-down,curl_up_and_lie_down,低头向画面左侧蜷卧并闭眼休息,0,717_59-chinese-domestic-high-white-black_11-curl-up-and-lie-down_seed-0,4,4.0,24,480,832,15:26,9:16,curl_up_and_lie_down.v1+cat_identity.v1,pending_model_validation,9ef308991c0d7c441a0735c4294bdfe61c53bab745b02025935d2abe32879a54,8414a980252d2baee6444085d2755563b7e0ccb3a138027e7cc6c1233be766eb,prompts/cat_identity.v1.json
729,729,../data_h3/cat_ids/60_中华田园猫均衡奶牛.png,Ref_curl_up_and_lie_down.mp4,prepared/Ref_curl_up_and_lie_down.motion.mp4,prompts/curl_up_and_lie_down.v1.en.txt,60,60-chinese-domestic-balanced-black-white,中华田园猫均衡奶牛,11,11-curl-up-and-lie-down,curl_up_and_lie_down,低头向画面左侧蜷卧并闭眼休息,0,729_60-chinese-domestic-balanced-black-white_11-curl-up-and-lie-down_seed-0,4,4.0,24,480,832,15:26,9:16,curl_up_and_lie_down.v1+cat_identity.v1,pending_model_validation,30c9396345fe2c72788c8b3788c1bfb9c3dd991a4c1a41cb2d19037e1ed1c7ab,8414a980252d2baee6444085d2755563b7e0ccb3a138027e7cc6c1233be766eb,prompts/cat_identity.v1.json
741,741,../data_h3/cat_ids/61_中华田园猫八字胡奶牛.png,Ref_curl_up_and_lie_down.mp4,prepared/Ref_curl_up_and_lie_down.motion.mp4,prompts/curl_up_and_lie_down.v1.en.txt,61,61-chinese-domestic-moustache-black-white,中华田园猫八字胡奶牛,11,11-curl-up-and-lie-down,curl_up_and_lie_down,低头向画面左侧蜷卧并闭眼休息,0,741_61-chinese-domestic-moustache-black-white_11-curl-up-and-lie-down_seed-0,4,4.0,24,480,832,15:26,9:16,curl_up_and_lie_down.v1+cat_identity.v1,pending_model_validation,c9e762539de5c6e19e9cfabefa7e316effe949b1dbcf59ae2b0ed571729a66a2,8414a980252d2baee6444085d2755563b7e0ccb3a138027e7cc6c1233be766eb,prompts/cat_identity.v1.json
753,753,../data_h3/cat_ids/62_中华田园猫高白三花.png,Ref_curl_up_and_lie_down.mp4,prepared/Ref_curl_up_and_lie_down.motion.mp4,prompts/curl_up_and_lie_down.v1.en.txt,62,62-chinese-domestic-high-white-calico,中华田园猫高白三花,11,11-curl-up-and-lie-down,curl_up_and_lie_down,低头向画面左侧蜷卧并闭眼休息,0,753_62-chinese-domestic-high-white-calico_11-curl-up-and-lie-down_seed-0,4,4.0,24,480,832,15:26,9:16,curl_up_and_lie_down.v1+cat_identity.v1,pending_model_validation,12e686f4be4ededc4b24b4210fc9dfe893b430a8c9e014b6f229b31795472bce,8414a980252d2baee6444085d2755563b7e0ccb3a138027e7cc6c1233be766eb,prompts/cat_identity.v1.json
765,765,../data_h3/cat_ids/63_中华田园猫均衡三花.png,Ref_curl_up_and_lie_down.mp4,prepared/Ref_curl_up_and_lie_down.motion.mp4,prompts/curl_up_and_lie_down.v1.en.txt,63,63-chinese-domestic-balanced-calico,中华田园猫均衡三花,11,11-curl-up-and-lie-down,curl_up_and_lie_down,低头向画面左侧蜷卧并闭眼休息,0,765_63-chinese-domestic-balanced-calico_11-curl-up-and-lie-down_seed-0,4,4.0,24,480,832,15:26,9:16,curl_up_and_lie_down.v1+cat_identity.v1,pending_model_validation,b5e2a7bc7703e658ceb9610772da2ccdb8a0b84035dbd8ffb921eea0f287380f,8414a980252d2baee6444085d2755563b7e0ccb3a138027e7cc6c1233be766eb,prompts/cat_identity.v1.json
777,777,../data_h3/cat_ids/64_中华田园猫低白三花.png,Ref_curl_up_and_lie_down.mp4,prepared/Ref_curl_up_and_lie_down.motion.mp4,prompts/curl_up_and_lie_down.v1.en.txt,64,64-chinese-domestic-low-white-calico,中华田园猫低白三花,11,11-curl-up-and-lie-down,curl_up_and_lie_down,低头向画面左侧蜷卧并闭眼休息,0,777_64-chinese-domestic-low-white-calico_11-curl-up-and-lie-down_seed-0,4,4.0,24,480,832,15:26,9:16,curl_up_and_lie_down.v1+cat_identity.v1,pending_model_validation,cad540a719fc7247678125bf70fc463d57a71230ff461b32b01149e5367486b0,8414a980252d2baee6444085d2755563b7e0ccb3a138027e7cc6c1233be766eb,prompts/cat_identity.v1.json
789,789,../data_h3/cat_ids/65_暹罗猫蓝重点色.png,Ref_curl_up_and_lie_down.mp4,prepared/Ref_curl_up_and_lie_down.motion.mp4,prompts/curl_up_and_lie_down.v1.en.txt,65,65-siamese-blue-point,暹罗猫蓝重点色,11,11-curl-up-and-lie-down,curl_up_and_lie_down,低头向画面左侧蜷卧并闭眼休息,0,789_65-siamese-blue-point_11-curl-up-and-lie-down_seed-0,4,4.0,24,480,832,15:26,9:16,curl_up_and_lie_down.v1+cat_identity.v1,pending_model_validation,e078ba137cda75b4bf98439b553c426a71e2ae75029c550e6e165b8e2395cc13,8414a980252d2baee6444085d2755563b7e0ccb3a138027e7cc6c1233be766eb,prompts/cat_identity.v1.json
801,801,../data_h3/cat_ids/66_暹罗猫巧克力重点色.png,Ref_curl_up_and_lie_down.mp4,prepared/Ref_curl_up_and_lie_down.motion.mp4,prompts/curl_up_and_lie_down.v1.en.txt,66,66-siamese-chocolate-point,暹罗猫巧克力重点色,11,11-curl-up-and-lie-down,curl_up_and_lie_down,低头向画面左侧蜷卧并闭眼休息,0,801_66-siamese-chocolate-point_11-curl-up-and-lie-down_seed-0,4,4.0,24,480,832,15:26,9:16,curl_up_and_lie_down.v1+cat_identity.v1,pending_model_validation,3be36c5d4013d75aeb9f9bc4c61412941ad15d6ba4f0e0b956be3811413b0e23,8414a980252d2baee6444085d2755563b7e0ccb3a138027e7cc6c1233be766eb,prompts/cat_identity.v1.json
813,813,../data_h3/cat_ids/67_阿比西尼亚猫索雷尔色.png,Ref_curl_up_and_lie_down.mp4,prepared/Ref_curl_up_and_lie_down.motion.mp4,prompts/curl_up_and_lie_down.v1.en.txt,67,67-abyssinian-sorrel,阿比西尼亚猫索雷尔色,11,11-curl-up-and-lie-down,curl_up_and_lie_down,低头向画面左侧蜷卧并闭眼休息,0,813_67-abyssinian-sorrel_11-curl-up-and-lie-down_seed-0,4,4.0,24,480,832,15:26,9:16,curl_up_and_lie_down.v1+cat_identity.v1,pending_model_validation,4b737488e784350f8eeef93146c977fe74f869fac2ebb80b36ea1c8578bcaf8c,8414a980252d2baee6444085d2755563b7e0ccb3a138027e7cc6c1233be766eb,prompts/cat_identity.v1.json
825,825,../data_h3/cat_ids/68_俄罗斯蓝猫.png,Ref_curl_up_and_lie_down.mp4,prepared/Ref_curl_up_and_lie_down.motion.mp4,prompts/curl_up_and_lie_down.v1.en.txt,68,68-russian-blue,俄罗斯蓝猫,11,11-curl-up-and-lie-down,curl_up_and_lie_down,低头向画面左侧蜷卧并闭眼休息,0,825_68-russian-blue_11-curl-up-and-lie-down_seed-0,4,4.0,24,480,832,15:26,9:16,curl_up_and_lie_down.v1+cat_identity.v1,pending_model_validation,7ed563c003e30a5cb3ccdf1de2be4520cc687d0b2d76c1fe09b19594f6d95692,8414a980252d2baee6444085d2755563b7e0ccb3a138027e7cc6c1233be766eb,prompts/cat_identity.v1.json
837,837,../data_h3/cat_ids/69_英国短毛猫深蓝色.png,Ref_curl_up_and_lie_down.mp4,prepared/Ref_curl_up_and_lie_down.motion.mp4,prompts/curl_up_and_lie_down.v1.en.txt,69,69-british-shorthair-deep-blue,英国短毛猫深蓝色,11,11-curl-up-and-lie-down,curl_up_and_lie_down,低头向画面左侧蜷卧并闭眼休息,0,837_69-british-shorthair-deep-blue_11-curl-up-and-lie-down_seed-0,4,4.0,24,480,832,15:26,9:16,curl_up_and_lie_down.v1+cat_identity.v1,pending_model_validation,f081a8de79187f5f11f5a68594a4d5db5eea72f48a11b763bb86330eb32ada2b,8414a980252d2baee6444085d2755563b7e0ccb3a138027e7cc6c1233be766eb,prompts/cat_identity.v1.json
849,849,../data_h3/cat_ids/70_短毛蓝眼白猫.png,Ref_curl_up_and_lie_down.mp4,prepared/Ref_curl_up_and_lie_down.motion.mp4,prompts/curl_up_and_lie_down.v1.en.txt,70,70-blue-eyed-white-shorthair,短毛蓝眼白猫,11,11-curl-up-and-lie-down,curl_up_and_lie_down,低头向画面左侧蜷卧并闭眼休息,0,849_70-blue-eyed-white-shorthair_11-curl-up-and-lie-down_seed-0,4,4.0,24,480,832,15:26,9:16,curl_up_and_lie_down.v1+cat_identity.v1,pending_model_validation,405eb3c275ee27bd3c27cd023aa59114d1f3da53c2a0b80f1585181f6db5d73f,8414a980252d2baee6444085d2755563b7e0ccb3a138027e7cc6c1233be766eb,prompts/cat_identity.v1.json
861,861,../data_h3/cat_ids/71_短毛琥珀眼白猫.png,Ref_curl_up_and_lie_down.mp4,prepared/Ref_curl_up_and_lie_down.motion.mp4,prompts/curl_up_and_lie_down.v1.en.txt,71,71-amber-eyed-white-shorthair,短毛琥珀眼白猫,11,11-curl-up-and-lie-down,curl_up_and_lie_down,低头向画面左侧蜷卧并闭眼休息,0,861_71-amber-eyed-white-shorthair_11-curl-up-and-lie-down_seed-0,4,4.0,24,480,832,15:26,9:16,curl_up_and_lie_down.v1+cat_identity.v1,pending_model_validation,bc547440c75b57aa08d6125e5ef56f3ffa9a97cbe73a0112b55e5a83e97ce358,8414a980252d2baee6444085d2755563b7e0ccb3a138027e7cc6c1233be766eb,prompts/cat_identity.v1.json
873,873,../data_h3/cat_ids/72_短毛分脸玳瑁猫.png,Ref_curl_up_and_lie_down.mp4,prepared/Ref_curl_up_and_lie_down.motion.mp4,prompts/curl_up_and_lie_down.v1.en.txt,72,72-split-face-tortoiseshell-shorthair,短毛分脸玳瑁猫,11,11-curl-up-and-lie-down,curl_up_and_lie_down,低头向画面左侧蜷卧并闭眼休息,0,873_72-split-face-tortoiseshell-shorthair_11-curl-up-and-lie-down_seed-0,4,4.0,24,480,832,15:26,9:16,curl_up_and_lie_down.v1+cat_identity.v1,pending_model_validation,c9c3e5a8909263a4c603e5639b8965eaed4122c7b30a2a83b117b58f5e0ea5dc,8414a980252d2baee6444085d2755563b7e0ccb3a138027e7cc6c1233be766eb,prompts/cat_identity.v1.json
885,885,../data_h3/cat_ids/73_美国短毛猫银虎斑加白.png,Ref_curl_up_and_lie_down.mp4,prepared/Ref_curl_up_and_lie_down.motion.mp4,prompts/curl_up_and_lie_down.v1.en.txt,73,73-american-shorthair-silver-tabby-white,美国短毛猫银虎斑加白,11,11-curl-up-and-lie-down,curl_up_and_lie_down,低头向画面左侧蜷卧并闭眼休息,0,885_73-american-shorthair-silver-tabby-white_11-curl-up-and-lie-down_seed-0,4,4.0,24,480,832,15:26,9:16,curl_up_and_lie_down.v1+cat_identity.v1,pending_model_validation,59189fc0f5c84fb54903d1a5f4ebe6416141c6dc54317f14bae59a6fabfadeca,8414a980252d2baee6444085d2755563b7e0ccb3a138027e7cc6c1233be766eb,prompts/cat_identity.v1.json
897,897,../data_h3/cat_ids/74_美国短毛猫棕经典虎斑.png,Ref_curl_up_and_lie_down.mp4,prepared/Ref_curl_up_and_lie_down.motion.mp4,prompts/curl_up_and_lie_down.v1.en.txt,74,74-american-shorthair-brown-classic-tabby,美国短毛猫棕经典虎斑,11,11-curl-up-and-lie-down,curl_up_and_lie_down,低头向画面左侧蜷卧并闭眼休息,0,897_74-american-shorthair-brown-classic-tabby_11-curl-up-and-lie-down_seed-0,4,4.0,24,480,832,15:26,9:16,curl_up_and_lie_down.v1+cat_identity.v1,pending_model_validation,869197468c36c5ea16d514e1c28c47270f54329333a6d1fb42f552c5be6e04e2,8414a980252d2baee6444085d2755563b7e0ccb3a138027e7cc6c1233be766eb,prompts/cat_identity.v1.json
909,909,../data_h3/cat_ids/75_英国短毛猫深金渐层.png,Ref_curl_up_and_lie_down.mp4,prepared/Ref_curl_up_and_lie_down.motion.mp4,prompts/curl_up_and_lie_down.v1.en.txt,75,75-british-shorthair-deep-golden-shaded,英国短毛猫深金渐层,11,11-curl-up-and-lie-down,curl_up_and_lie_down,低头向画面左侧蜷卧并闭眼休息,0,909_75-british-shorthair-deep-golden-shaded_11-curl-up-and-lie-down_seed-0,4,4.0,24,480,832,15:26,9:16,curl_up_and_lie_down.v1+cat_identity.v1,pending_model_validation,ebafca1d2beff040d46c50a90d4288057c1cadb4b94ceb14d42b7e5fff401eb8,8414a980252d2baee6444085d2755563b7e0ccb3a138027e7cc6c1233be766eb,prompts/cat_identity.v1.json
921,921,../data_h3/cat_ids/76_英国短毛猫浅金渐层.png,Ref_curl_up_and_lie_down.mp4,prepared/Ref_curl_up_and_lie_down.motion.mp4,prompts/curl_up_and_lie_down.v1.en.txt,76,76-british-shorthair-light-golden-shaded,英国短毛猫浅金渐层,11,11-curl-up-and-lie-down,curl_up_and_lie_down,低头向画面左侧蜷卧并闭眼休息,0,921_76-british-shorthair-light-golden-shaded_11-curl-up-and-lie-down_seed-0,4,4.0,24,480,832,15:26,9:16,curl_up_and_lie_down.v1+cat_identity.v1,pending_model_validation,fe5c4cb11733bbcb580f162da4e4b0e17db3307b8d8681ff4f346c463ad1e3f4,8414a980252d2baee6444085d2755563b7e0ccb3a138027e7cc6c1233be766eb,prompts/cat_identity.v1.json
933,933,../data_h3/cat_ids/77_英国短毛猫银渐层.png,Ref_curl_up_and_lie_down.mp4,prepared/Ref_curl_up_and_lie_down.motion.mp4,prompts/curl_up_and_lie_down.v1.en.txt,77,77-british-shorthair-silver-shaded,英国短毛猫银渐层,11,11-curl-up-and-lie-down,curl_up_and_lie_down,低头向画面左侧蜷卧并闭眼休息,0,933_77-british-shorthair-silver-shaded_11-curl-up-and-lie-down_seed-0,4,4.0,24,480,832,15:26,9:16,curl_up_and_lie_down.v1+cat_identity.v1,pending_model_validation,572aa3dc4051c967f9e02bdf9b8be8dc32042852aea80eadf8d0902ab43996ae,8414a980252d2baee6444085d2755563b7e0ccb3a138027e7cc6c1233be766eb,prompts/cat_identity.v1.json
945,945,../data_h3/cat_ids/78_德文卷毛猫奶油虎斑.png,Ref_curl_up_and_lie_down.mp4,prepared/Ref_curl_up_and_lie_down.motion.mp4,prompts/curl_up_and_lie_down.v1.en.txt,78,78-devon-rex-cream-tabby,德文卷毛猫奶油虎斑,11,11-curl-up-and-lie-down,curl_up_and_lie_down,低头向画面左侧蜷卧并闭眼休息,0,945_78-devon-rex-cream-tabby_11-curl-up-and-lie-down_seed-0,4,4.0,24,480,832,15:26,9:16,curl_up_and_lie_down.v1+cat_identity.v1,pending_model_validation,15fd4062192cf1c8808283cdc018ce7c1e563eaa44d25c5e1b89b27954f5c9e8,8414a980252d2baee6444085d2755563b7e0ccb3a138027e7cc6c1233be766eb,prompts/cat_identity.v1.json
957,957,../data_h3/cat_ids/79_缅因猫银虎斑.png,Ref_curl_up_and_lie_down.mp4,prepared/Ref_curl_up_and_lie_down.motion.mp4,prompts/curl_up_and_lie_down.v1.en.txt,79,79-maine-coon-silver-tabby,缅因猫银虎斑,11,11-curl-up-and-lie-down,curl_up_and_lie_down,低头向画面左侧蜷卧并闭眼休息,0,957_79-maine-coon-silver-tabby_11-curl-up-and-lie-down_seed-0,4,4.0,24,480,832,15:26,9:16,curl_up_and_lie_down.v1+cat_identity.v1,pending_model_validation,c3fc9f58cc848f654d26804135009615c0a3f5e74313f48d4b7782b856ae4934,8414a980252d2baee6444085d2755563b7e0ccb3a138027e7cc6c1233be766eb,prompts/cat_identity.v1.json
